voter_id,duplicate_aadhaar_flag,multi_state_flag,multiple_votes_flag,suspicious_score
1,0,0,0,0
2,1,0,0,1
3,1,0,0,1
4,1,0,0,1
5,1,0,0,1
6,1,0,0,1
7,0,0,0,0
8,1,0,0,1
9,1,0,0,1
10,1,0,0,1
11,1,0,0,1
12,1,0,0,1
13,1,0,0,1
14,1,0,0,1
15,1,0,0,1
16,0,0,0,0
17,0,0,0,0
18,1,0,0,1
19,1,0,0,1
20,0,0,0,0
21,1,0,0,1
22,0,0,0,0
23,0,0,0,0
24,1,0,0,1
25,1,0,0,1
26,1,0,0,1
27,0,0,0,0
28,1,0,0,1
29,0,0,0,0
30,0,0,0,0
31,0,0,0,0
32,0,0,0,0
33,1,0,0,1
34,0,0,0,0
35,0,0,0,0
36,1,0,0,1
37,1,0,1,2
38,1,0,1,2
39,1,0,0,1
40,1,0,0,1
41,1,0,0,1
42,0,0,1,1
43,1,0,0,1
44,1,0,0,1
45,1,0,0,1
46,0,0,0,0
47,1,0,0,1
48,1,0,0,1
49,1,0,0,1
50,1,0,0,1
51,1,0,1,2
52,1,0,0,1
53,1,0,0,1
54,1,0,1,2
55,1,0,0,1
56,0,1,0,1
57,1,0,0,1
58,1,0,0,1
59,1,0,0,1
60,0,0,0,0
61,1,0,0,1
62,1,0,0,1
63,0,0,0,0
64,1,0,0,1
65,1,0,0,1
66,1,0,0,1
67,0,0,0,0
68,0,0,0,0
69,0,0,0,0
70,1,0,0,1
71,1,0,0,1
72,0,0,0,0
73,1,0,0,1
74,1,0,0,1
75,1,0,0,1
76,1,0,0,1
77,1,0,0,1
78,0,0,0,0
79,1,0,0,1
80,0,1,1,2
81,1,0,0,1
82,1,0,1,2
83,1,0,0,1
84,0,0,0,0
85,1,0,0,1
86,1,0,0,1
87,0,0,0,0
88,1,0,1,2
89,1,0,0,1
90,1,0,0,1
91,1,0,1,2
92,1,0,0,1
93,1,0,0,1
94,0,0,0,0
95,1,0,1,2
96,1,0,0,1
97,0,0,0,0
98,1,0,0,1
99,1,0,0,1
100,1,0,0,1
101,1,0,0,1
102,0,0,0,0
103,0,1,0,1
104,1,0,0,1
105,1,0,0,1
106,1,0,0,1
107,0,0,0,0
108,1,0,0,1
109,1,0,0,1
110,1,0,0,1
111,0,0,0,0
112,0,0,0,0
113,1,0,0,1
114,1,0,1,2
115,1,0,0,1
116,1,0,0,1
117,1,0,0,1
118,1,0,0,1
119,1,0,0,1
120,1,0,0,1
121,1,0,0,1
122,0,0,0,0
123,1,0,1,2
124,0,0,0,0
125,0,0,0,0
126,0,0,0,0
127,1,0,0,1
128,1,0,0,1
129,1,0,0,1
130,1,0,0,1
131,0,0,0,0
132,1,0,0,1
133,1,0,0,1
134,1,0,0,1
135,1,1,0,2
136,1,0,0,1
137,0,0,0,0
138,0,0,0,0
139,1,0,0,1
140,1,0,0,1
141,1,0,0,1
142,0,0,0,0
143,1,0,0,1
144,1,0,0,1
145,1,0,0,1
146,1,0,0,1
147,1,0,0,1
148,0,0,0,0
149,1,0,1,2
150,1,0,0,1
151,1,0,0,1
152,0,0,0,0
153,1,0,0,1
154,1,0,0,1
155,1,0,0,1
156,1,0,1,2
157,0,0,0,0
158,0,0,0,0
159,1,0,0,1
160,0,0,0,0
161,0,0,0,0
162,0,0,0,0
163,1,0,0,1
164,1,0,0,1
165,0,0,1,1
166,1,0,0,1
167,1,0,0,1
168,1,0,0,1
169,0,0,0,0
170,1,0,0,1
171,1,0,0,1
172,1,0,0,1
173,1,0,1,2
174,1,0,0,1
175,0,0,1,1
176,1,0,0,1
177,1,0,0,1
178,1,0,0,1
179,1,0,0,1
180,0,0,0,0
181,1,0,0,1
182,1,0,0,1
183,1,0,0,1
184,0,0,0,0
185,1,0,0,1
186,0,0,1,1
187,0,0,0,0
188,0,0,0,0
189,1,0,0,1
190,1,0,0,1
191,0,0,0,0
192,1,0,0,1
193,1,0,0,1
194,1,0,0,1
195,0,1,0,1
196,1,0,0,1
197,1,0,0,1
198,0,0,0,0
199,1,0,0,1
200,1,0,0,1
201,0,0,0,0
202,0,0,0,0
203,0,0,0,0
204,0,0,0,0
205,1,0,0,1
206,0,0,0,0
207,1,0,0,1
208,1,0,0,1
209,1,0,1,2
210,1,0,0,1
211,0,0,0,0
212,1,0,0,1
213,1,0,1,2
214,1,0,0,1
215,1,0,0,1
216,1,0,0,1
217,1,0,0,1
218,1,0,0,1
219,1,0,0,1
220,0,0,0,0
221,0,0,0,0
222,1,0,1,2
223,0,0,0,0
224,1,0,0,1
225,0,0,0,0
226,1,0,0,1
227,1,0,0,1
228,1,0,0,1
229,0,0,0,0
230,1,0,0,1
231,1,0,0,1
232,0,0,0,0
233,0,0,0,0
234,0,0,0,0
235,0,0,0,0
236,1,0,0,1
237,1,0,0,1
238,1,0,1,2
239,0,0,0,0
240,0,0,0,0
241,1,0,0,1
242,0,0,0,0
243,0,0,1,1
244,1,0,1,2
245,0,0,1,1
246,1,0,0,1
247,1,0,0,1
248,0,0,0,0
249,0,0,0,0
250,1,0,0,1
251,0,0,0,0
252,1,0,0,1
253,0,0,0,0
254,1,0,0,1
255,0,0,0,0
256,1,0,0,1
257,1,0,0,1
258,1,0,0,1
259,0,0,0,0
260,1,0,0,1
261,0,1,0,1
262,1,0,0,1
263,0,0,0,0
264,0,0,0,0
265,1,0,0,1
266,0,0,0,0
267,1,0,0,1
268,0,0,0,0
269,1,0,0,1
270,0,0,0,0
271,0,0,0,0
272,0,0,0,0
273,1,0,0,1
274,1,0,0,1
275,1,0,1,2
276,1,0,0,1
277,0,0,0,0
278,1,0,0,1
279,0,0,0,0
280,1,0,0,1
281,1,0,0,1
282,1,0,0,1
283,1,0,0,1
284,1,0,1,2
285,1,0,0,1
286,1,0,1,2
287,0,0,0,0
288,1,0,0,1
289,0,0,0,0
290,1,0,0,1
291,1,0,0,1
292,1,0,0,1
293,1,0,0,1
294,0,0,0,0
295,0,0,0,0
296,0,0,0,0
297,1,0,0,1
298,0,0,0,0
299,1,1,0,2
300,1,0,0,1
301,0,0,0,0
302,0,1,0,1
303,1,0,0,1
304,0,0,1,1
305,0,0,0,0
306,1,0,0,1
307,0,1,1,2
308,0,0,0,0
309,0,0,0,0
310,1,0,0,1
311,0,0,0,0
312,1,0,0,1
313,1,0,0,1
314,1,0,0,1
315,0,0,0,0
316,0,0,0,0
317,1,0,0,1
318,1,0,0,1
319,1,0,0,1
320,1,0,0,1
321,1,0,0,1
322,1,0,0,1
323,1,0,0,1
324,1,0,1,2
325,1,0,0,1
326,0,0,0,0
327,1,0,0,1
328,1,0,0,1
329,0,0,0,0
330,1,0,0,1
331,1,0,0,1
332,0,1,0,1
333,0,0,0,0
334,1,0,0,1
335,0,0,0,0
336,1,0,0,1
337,1,0,0,1
338,0,0,0,0
339,0,0,0,0
340,1,0,0,1
341,1,0,0,1
342,0,0,0,0
343,0,0,0,0
344,0,0,0,0
345,1,0,0,1
346,1,0,0,1
347,1,0,0,1
348,1,0,0,1
349,1,0,0,1
350,1,0,0,1
351,1,0,0,1
352,1,0,0,1
353,1,0,0,1
354,1,0,0,1
355,1,0,1,2
356,0,1,0,1
357,0,0,0,0
358,1,0,0,1
359,1,0,0,1
360,0,1,0,1
361,1,0,0,1
362,0,0,1,1
363,1,0,0,1
364,1,0,0,1
365,0,0,0,0
366,0,0,0,0
367,1,0,0,1
368,1,0,0,1
369,1,0,0,1
370,1,0,0,1
371,1,0,0,1
372,0,0,0,0
373,1,0,0,1
374,0,0,0,0
375,1,0,0,1
376,1,0,0,1
377,0,0,0,0
378,1,0,0,1
379,0,0,0,0
380,0,0,0,0
381,1,0,0,1
382,0,0,0,0
383,0,0,0,0
384,1,0,0,1
385,0,0,0,0
386,1,0,0,1
387,1,0,0,1
388,1,0,0,1
389,0,0,0,0
390,0,0,0,0
391,1,0,0,1
392,1,0,1,2
393,1,0,0,1
394,1,0,0,1
395,1,0,1,2
396,1,0,0,1
397,0,0,0,0
398,1,0,0,1
399,0,0,0,0
400,0,0,0,0
401,1,0,0,1
402,1,0,0,1
403,0,0,0,0
404,1,0,0,1
405,1,0,1,2
406,1,0,1,2
407,1,0,1,2
408,0,0,0,0
409,0,0,0,0
410,0,0,0,0
411,0,0,0,0
412,1,0,0,1
413,1,0,0,1
414,0,0,0,0
415,1,0,0,1
416,1,0,0,1
417,1,0,0,1
418,1,0,0,1
419,1,0,1,2
420,1,0,0,1
421,1,0,0,1
422,0,0,0,0
423,0,0,0,0
424,1,0,0,1
425,0,0,0,0
426,0,0,0,0
427,0,0,0,0
428,1,0,0,1
429,0,0,0,0
430,0,0,0,0
431,1,0,0,1
432,1,0,0,1
433,0,0,0,0
434,1,0,0,1
435,1,0,0,1
436,1,0,0,1
437,1,0,0,1
438,0,0,0,0
439,0,0,0,0
440,1,0,0,1
441,0,0,0,0
442,1,1,0,2
443,1,0,0,1
444,1,0,0,1
445,1,0,0,1
446,0,0,0,0
447,1,0,0,1
448,1,0,0,1
449,1,0,1,2
450,0,0,0,0
451,0,0,0,0
452,0,0,0,0
453,1,0,0,1
454,1,0,0,1
455,1,0,0,1
456,0,0,0,0
457,1,1,0,2
458,1,1,0,2
459,1,0,0,1
460,1,0,0,1
461,0,0,0,0
462,0,0,1,1
463,0,0,0,0
464,1,0,0,1
465,0,0,0,0
466,1,0,0,1
467,0,0,1,1
468,1,0,1,2
469,1,0,0,1
470,1,0,0,1
471,1,0,0,1
472,0,0,0,0
473,0,0,0,0
474,0,0,0,0
475,0,0,0,0
476,1,0,0,1
477,0,0,0,0
478,1,0,0,1
479,1,0,0,1
480,1,0,0,1
481,1,0,0,1
482,0,0,0,0
483,0,0,0,0
484,0,0,0,0
485,1,0,1,2
486,1,0,0,1
487,0,0,0,0
488,1,1,0,2
489,1,0,0,1
490,1,0,0,1
491,1,0,0,1
492,1,0,0,1
493,1,0,0,1
494,1,0,0,1
495,0,0,0,0
496,1,0,0,1
497,1,0,0,1
498,0,0,0,0
499,1,0,0,1
500,0,0,0,0
501,1,0,0,1
502,1,0,0,1
503,1,0,1,2
504,1,0,0,1
505,0,0,0,0
506,1,0,0,1
507,1,0,0,1
508,1,0,0,1
509,1,0,0,1
510,1,0,0,1
511,1,0,1,2
512,1,0,0,1
513,1,0,0,1
514,1,0,0,1
515,1,1,0,2
516,1,0,0,1
517,1,0,0,1
518,1,0,0,1
519,1,0,0,1
520,1,0,0,1
521,1,0,0,1
522,1,0,0,1
523,0,0,0,0
524,0,0,0,0
525,1,0,1,2
526,1,0,0,1
527,1,0,1,2
528,0,0,0,0
529,1,0,0,1
530,1,0,0,1
531,1,1,0,2
532,0,0,0,0
533,1,0,0,1
534,0,0,0,0
535,0,0,0,0
536,0,0,0,0
537,1,0,0,1
538,1,0,0,1
539,1,0,0,1
540,1,0,0,1
541,1,0,0,1
542,0,0,0,0
543,0,0,0,0
544,1,0,0,1
545,1,0,0,1
546,1,0,0,1
547,1,1,1,3
548,1,0,0,1
549,0,0,0,0
550,0,0,0,0
551,1,0,0,1
552,1,0,0,1
553,1,0,0,1
554,1,0,0,1
555,0,0,0,0
556,1,0,0,1
557,1,0,0,1
558,1,0,0,1
559,1,0,0,1
560,0,0,0,0
561,0,0,0,0
562,1,0,0,1
563,1,0,0,1
564,1,0,0,1
565,1,0,0,1
566,1,0,0,1
567,1,0,0,1
568,1,0,0,1
569,0,0,0,0
570,1,0,0,1
571,1,0,0,1
572,1,0,0,1
573,0,0,0,0
574,1,0,0,1
575,0,0,0,0
576,1,0,0,1
577,1,0,1,2
578,0,0,0,0
579,1,0,0,1
580,1,0,0,1
581,0,0,0,0
582,1,0,0,1
583,1,1,0,2
584,0,0,1,1
585,1,0,0,1
586,0,0,1,1
587,1,0,1,2
588,1,0,0,1
589,1,0,0,1
590,1,0,0,1
591,1,0,0,1
592,1,0,1,2
593,1,0,0,1
594,0,0,0,0
595,1,0,0,1
596,1,0,0,1
597,1,0,0,1
598,1,0,0,1
599,1,0,0,1
600,1,0,0,1
601,0,0,0,0
602,1,0,0,1
603,1,0,0,1
604,0,0,0,0
605,1,0,0,1
606,0,0,1,1
607,1,0,0,1
608,1,0,0,1
609,1,0,0,1
610,1,0,0,1
611,1,0,0,1
612,0,0,0,0
613,0,0,0,0
614,1,0,1,2
615,0,0,0,0
616,1,0,0,1
617,0,0,0,0
618,1,0,0,1
619,1,0,0,1
620,0,0,0,0
621,1,0,1,2
622,1,0,0,1
623,0,0,0,0
624,0,0,0,0
625,1,0,0,1
626,1,0,0,1
627,0,0,0,0
628,1,0,0,1
629,0,0,0,0
630,1,0,0,1
631,1,0,1,2
632,1,1,0,2
633,1,0,0,1
634,1,0,0,1
635,1,0,0,1
636,1,0,0,1
637,1,0,0,1
638,1,0,0,1
639,1,0,0,1
640,0,0,0,0
641,1,0,0,1
642,1,0,0,1
643,0,0,0,0
644,1,0,0,1
645,1,0,0,1
646,1,0,1,2
647,1,0,0,1
648,0,0,0,0
649,1,0,0,1
650,1,0,0,1
651,1,0,0,1
652,1,0,0,1
653,1,0,0,1
654,1,0,0,1
655,1,0,0,1
656,1,0,0,1
657,0,0,0,0
658,0,0,0,0
659,1,0,1,2
660,0,0,0,0
661,1,0,1,2
662,1,0,0,1
663,1,0,0,1
664,1,0,0,1
665,1,0,1,2
666,1,1,0,2
667,1,0,0,1
668,1,0,0,1
669,0,0,0,0
670,1,0,0,1
671,1,0,0,1
672,1,0,0,1
673,1,0,1,2
674,1,0,0,1
675,0,0,1,1
676,1,0,0,1
677,1,0,0,1
678,1,0,0,1
679,0,0,0,0
680,1,0,1,2
681,0,0,0,0
682,1,0,0,1
683,0,0,0,0
684,1,0,0,1
685,1,0,0,1
686,1,0,0,1
687,1,0,0,1
688,1,0,0,1
689,1,0,0,1
690,1,0,0,1
691,1,0,0,1
692,1,0,0,1
693,1,0,0,1
694,1,0,0,1
695,1,0,0,1
696,1,0,0,1
697,1,0,1,2
698,1,0,0,1
699,1,0,0,1
700,0,0,0,0
701,0,0,0,0
702,1,0,0,1
703,1,0,0,1
704,1,0,0,1
705,1,0,0,1
706,1,0,0,1
707,1,1,0,2
708,0,0,0,0
709,1,0,0,1
710,0,0,0,0
711,0,0,0,0
712,1,0,0,1
713,1,0,0,1
714,1,0,0,1
715,1,0,0,1
716,1,0,0,1
717,0,0,0,0
718,1,0,0,1
719,0,0,0,0
720,1,0,0,1
721,1,0,0,1
722,0,1,0,1
723,1,0,1,2
724,1,0,0,1
725,1,0,0,1
726,1,0,0,1
727,1,0,0,1
728,1,0,1,2
729,1,0,0,1
730,0,0,0,0
731,1,0,0,1
732,0,0,0,0
733,0,0,0,0
734,1,0,0,1
735,1,0,0,1
736,1,0,0,1
737,1,0,0,1
738,0,0,1,1
739,1,0,0,1
740,0,0,0,0
741,1,0,0,1
742,1,0,1,2
743,1,0,0,1
744,1,0,0,1
745,1,0,0,1
746,1,0,0,1
747,0,0,0,0
748,1,0,0,1
749,1,0,0,1
750,0,0,1,1
751,1,0,0,1
752,0,0,1,1
753,0,0,0,0
754,1,0,1,2
755,0,0,0,0
756,1,0,0,1
757,1,0,0,1
758,0,0,0,0
759,0,0,0,0
760,1,0,0,1
761,1,0,0,1
762,1,0,0,1
763,0,0,0,0
764,1,0,0,1
765,1,0,0,1
766,0,0,0,0
767,1,0,0,1
768,1,0,0,1
769,1,0,0,1
770,0,0,0,0
771,1,0,0,1
772,1,0,0,1
773,1,0,0,1
774,0,0,0,0
775,1,0,0,1
776,1,0,0,1
777,0,0,0,0
778,1,0,0,1
779,1,0,1,2
780,0,0,0,0
781,1,0,0,1
782,1,0,0,1
783,1,0,1,2
784,1,0,0,1
785,1,0,0,1
786,1,0,0,1
787,1,0,0,1
788,1,0,0,1
789,1,0,0,1
790,0,0,0,0
791,1,0,0,1
792,0,0,0,0
793,1,0,0,1
794,1,0,0,1
795,0,0,0,0
796,1,0,0,1
797,1,0,0,1
798,1,0,0,1
799,1,1,0,2
800,1,0,1,2
801,0,0,0,0
802,1,0,0,1
803,1,0,0,1
804,1,0,0,1
805,0,0,0,0
806,0,0,0,0
807,1,0,0,1
808,1,0,0,1
809,0,0,1,1
810,1,0,0,1
811,0,0,0,0
812,1,0,0,1
813,1,0,0,1
814,1,0,0,1
815,1,0,0,1
816,1,0,0,1
817,1,0,0,1
818,1,0,0,1
819,0,0,0,0
820,1,0,0,1
821,0,0,0,0
822,1,0,0,1
823,1,0,0,1
824,0,0,0,0
825,1,0,0,1
826,1,0,0,1
827,1,0,0,1
828,1,0,0,1
829,0,0,0,0
830,1,0,0,1
831,1,0,0,1
832,0,0,1,1
833,1,0,0,1
834,1,0,0,1
835,0,0,1,1
836,1,0,0,1
837,1,0,0,1
838,0,0,1,1
839,1,0,0,1
840,1,0,0,1
841,1,0,0,1
842,1,0,0,1
843,1,0,0,1
844,1,0,0,1
845,1,0,0,1
846,0,0,0,0
847,1,0,0,1
848,1,0,0,1
849,0,0,0,0
850,1,0,0,1
851,1,0,0,1
852,1,0,0,1
853,1,0,0,1
854,0,0,0,0
855,1,0,0,1
856,1,0,0,1
857,0,0,0,0
858,1,0,0,1
859,1,0,0,1
860,1,0,0,1
861,0,0,0,0
862,0,0,0,0
863,0,0,0,0
864,0,0,0,0
865,0,0,0,0
866,1,0,0,1
867,0,1,0,1
868,1,0,0,1
869,1,0,0,1
870,0,0,0,0
871,0,0,0,0
872,0,0,0,0
873,0,0,0,0
874,1,0,1,2
875,1,0,0,1
876,0,0,0,0
877,1,0,0,1
878,0,0,0,0
879,0,0,0,0
880,1,0,0,1
881,1,0,0,1
882,1,0,0,1
883,0,0,0,0
884,1,0,0,1
885,1,0,0,1
886,0,0,0,0
887,1,0,0,1
888,1,0,0,1
889,0,0,0,0
890,1,0,0,1
891,1,0,0,1
892,0,0,1,1
893,1,0,0,1
894,0,0,0,0
895,1,0,0,1
896,1,0,0,1
897,0,0,0,0
898,0,0,0,0
899,0,0,0,0
900,1,0,0,1
901,0,0,0,0
902,0,0,0,0
903,1,0,0,1
904,0,0,0,0
905,1,0,0,1
906,1,0,0,1
907,0,0,0,0
908,1,0,0,1
909,0,0,0,0
910,0,0,0,0
911,0,0,0,0
912,1,0,0,1
913,1,0,0,1
914,1,1,1,3
915,0,0,0,0
916,1,0,0,1
917,1,0,0,1
918,1,0,0,1
919,1,0,0,1
920,0,0,1,1
921,0,0,0,0
922,1,0,0,1
923,1,0,0,1
924,1,0,1,2
925,1,0,0,1
926,1,0,0,1
927,0,0,0,0
928,1,0,0,1
929,1,1,1,3
930,1,0,0,1
931,0,0,0,0
932,0,0,0,0
933,0,0,0,0
934,1,0,0,1
935,0,0,0,0
936,1,0,0,1
937,0,0,0,0
938,1,0,0,1
939,1,0,0,1
940,0,0,1,1
941,1,0,0,1
942,1,0,0,1
943,1,0,0,1
944,1,0,0,1
945,1,0,0,1
946,0,0,0,0
947,0,0,0,0
948,0,0,0,0
949,0,0,1,1
950,1,0,0,1
951,1,0,0,1
952,0,0,0,0
953,0,0,0,0
954,1,0,0,1
955,1,0,0,1
956,1,0,0,1
957,0,0,0,0
958,0,0,0,0
959,1,0,1,2
960,0,0,0,0
961,0,0,0,0
962,0,0,0,0
963,0,0,0,0
964,1,0,0,1
965,1,0,0,1
966,1,0,0,1
967,1,0,0,1
968,1,0,0,1
969,1,0,0,1
970,1,0,0,1
971,1,0,0,1
972,1,0,0,1
973,1,0,0,1
974,0,0,0,0
975,1,0,1,2
976,1,0,0,1
977,0,0,0,0
978,1,0,0,1
979,1,0,0,1
980,1,0,1,2
981,1,0,0,1
982,1,0,0,1
983,1,0,0,1
984,1,0,1,2
985,1,0,0,1
986,1,0,0,1
987,0,0,0,0
988,1,0,0,1
989,1,0,0,1
990,1,0,0,1
991,0,0,0,0
992,1,0,0,1
993,1,0,0,1
994,1,0,0,1
995,1,0,0,1
996,0,0,0,0
997,1,0,0,1
998,1,0,0,1
999,1,0,0,1
1000,1,0,0,1
1001,1,0,0,1
1002,0,0,0,0
1003,1,0,0,1
1004,1,0,0,1
1005,1,0,0,1
1006,1,0,1,2
1007,1,1,0,2
1008,1,0,0,1
1009,1,0,1,2
1010,1,0,0,1
1011,1,0,1,2
1012,1,0,0,1
1013,1,0,0,1
1014,0,0,1,1
1015,1,0,0,1
1016,1,0,0,1
1017,0,0,0,0
1018,1,0,0,1
1019,0,0,0,0
1020,0,0,0,0
1021,0,0,0,0
1022,1,0,0,1
1023,0,0,0,0
1024,1,0,0,1
1025,0,0,1,1
1026,0,0,0,0
1027,0,0,0,0
1028,1,0,0,1
1029,1,0,0,1
1030,1,0,1,2
1031,0,0,0,0
1032,1,0,0,1
1033,0,0,0,0
1034,1,0,0,1
1035,1,0,0,1
1036,1,0,0,1
1037,0,0,0,0
1038,0,0,0,0
1039,0,0,0,0
1040,1,0,0,1
1041,1,0,0,1
1042,1,0,0,1
1043,1,0,0,1
1044,1,0,0,1
1045,0,0,0,0
1046,0,0,0,0
1047,1,0,0,1
1048,1,0,0,1
1049,1,0,0,1
1050,1,0,0,1
1051,1,0,0,1
1052,0,0,0,0
1053,1,0,0,1
1054,1,0,0,1
1055,1,1,0,2
1056,1,0,0,1
1057,1,0,0,1
1058,0,0,0,0
1059,1,0,0,1
1060,1,0,0,1
1061,0,0,0,0
1062,1,0,0,1
1063,1,0,0,1
1064,0,0,0,0
1065,1,1,0,2
1066,1,0,0,1
1067,0,0,0,0
1068,1,0,0,1
1069,1,0,1,2
1070,0,0,0,0
1071,0,0,0,0
1072,1,0,0,1
1073,1,0,0,1
1074,1,0,0,1
1075,1,0,0,1
1076,0,0,0,0
1077,0,0,0,0
1078,1,0,0,1
1079,1,0,0,1
1080,1,0,0,1
1081,1,0,0,1
1082,1,0,0,1
1083,0,0,0,0
1084,1,0,0,1
1085,1,0,0,1
1086,0,0,0,0
1087,1,0,0,1
1088,1,0,0,1
1089,0,0,0,0
1090,0,0,0,0
1091,1,0,0,1
1092,0,0,0,0
1093,1,0,0,1
1094,0,0,0,0
1095,1,0,0,1
1096,1,0,0,1
1097,1,0,0,1
1098,1,0,0,1
1099,1,0,0,1
1100,0,0,0,0
1101,1,0,0,1
1102,1,0,0,1
1103,1,0,0,1
1104,0,0,0,0
1105,0,0,0,0
1106,1,0,1,2
1107,1,0,0,1
1108,1,0,0,1
1109,1,0,0,1
1110,1,0,0,1
1111,1,0,0,1
1112,1,0,1,2
1113,0,0,0,0
1114,1,0,0,1
1115,0,0,0,0
1116,0,1,0,1
1117,1,0,0,1
1118,1,0,1,2
1119,1,0,0,1
1120,0,0,0,0
1121,1,0,0,1
1122,1,0,0,1
1123,0,0,0,0
1124,1,0,0,1
1125,1,0,1,2
1126,1,0,0,1
1127,1,0,0,1
1128,0,0,0,0
1129,0,0,0,0
1130,1,0,0,1
1131,1,0,0,1
1132,1,0,1,2
1133,1,0,0,1
1134,1,0,0,1
1135,1,0,0,1
1136,1,0,0,1
1137,1,0,0,1
1138,0,0,0,0
1139,1,0,0,1
1140,1,0,0,1
1141,1,0,0,1
1142,1,0,0,1
1143,1,0,0,1
1144,1,0,0,1
1145,1,0,1,2
1146,0,0,0,0
1147,1,0,0,1
1148,0,0,1,1
1149,0,0,0,0
1150,1,0,0,1
1151,1,0,0,1
1152,1,0,0,1
1153,1,0,0,1
1154,1,0,0,1
1155,0,0,0,0
1156,1,0,0,1
1157,0,0,0,0
1158,1,0,0,1
1159,1,1,0,2
1160,1,0,0,1
1161,1,0,0,1
1162,1,0,0,1
1163,0,0,0,0
1164,0,0,0,0
1165,1,0,0,1
1166,1,0,0,1
1167,1,0,0,1
1168,0,0,0,0
1169,0,0,0,0
1170,1,0,0,1
1171,1,0,0,1
1172,1,0,0,1
1173,0,0,0,0
1174,1,0,0,1
1175,1,0,0,1
1176,1,0,0,1
1177,1,0,0,1
1178,1,0,0,1
1179,1,0,0,1
1180,1,0,0,1
1181,0,0,0,0
1182,1,1,0,2
1183,1,0,0,1
1184,1,0,0,1
1185,1,0,0,1
1186,0,0,0,0
1187,1,0,1,2
1188,0,0,0,0
1189,1,0,0,1
1190,1,0,0,1
1191,1,0,0,1
1192,0,0,1,1
1193,1,0,0,1
1194,1,0,0,1
1195,1,0,0,1
1196,0,0,1,1
1197,0,0,0,0
1198,1,0,0,1
1199,1,0,0,1
1200,1,0,0,1
1201,0,0,0,0
1202,1,0,0,1
1203,1,1,0,2
1204,1,0,0,1
1205,0,0,0,0
1206,1,0,0,1
1207,0,0,0,0
1208,1,1,0,2
1209,1,0,1,2
1210,0,0,0,0
1211,1,0,0,1
1212,0,0,0,0
1213,1,0,0,1
1214,1,0,0,1
1215,1,0,0,1
1216,1,0,0,1
1217,1,0,0,1
1218,0,0,0,0
1219,0,0,0,0
1220,1,0,0,1
1221,1,0,0,1
1222,1,0,0,1
1223,1,0,0,1
1224,1,0,0,1
1225,1,0,0,1
1226,1,0,0,1
1227,1,0,0,1
1228,0,0,0,0
1229,0,0,0,0
1230,0,0,0,0
1231,0,0,0,0
1232,1,0,0,1
1233,1,0,0,1
1234,0,0,0,0
1235,1,0,0,1
1236,0,0,0,0
1237,1,0,0,1
1238,0,0,0,0
1239,1,0,0,1
1240,0,0,0,0
1241,1,0,0,1
1242,0,0,0,0
1243,0,0,0,0
1244,1,0,0,1
1245,0,0,0,0
1246,0,0,0,0
1247,1,0,0,1
1248,1,0,0,1
1249,1,0,0,1
1250,0,0,0,0
1251,1,0,1,2
1252,1,1,0,2
1253,1,0,0,1
1254,1,0,0,1
1255,1,0,0,1
1256,1,0,0,1
1257,1,0,0,1
1258,1,0,0,1
1259,1,0,0,1
1260,0,0,0,0
1261,1,0,0,1
1262,1,0,0,1
1263,1,0,0,1
1264,0,0,0,0
1265,1,0,0,1
1266,0,0,0,0
1267,0,0,0,0
1268,1,0,0,1
1269,1,0,1,2
1270,1,0,0,1
1271,1,0,0,1
1272,0,0,0,0
1273,0,0,0,0
1274,0,0,0,0
1275,1,0,0,1
1276,1,0,0,1
1277,0,0,0,0
1278,1,0,0,1
1279,1,0,0,1
1280,1,0,0,1
1281,0,0,0,0
1282,1,0,0,1
1283,1,0,0,1
1284,0,0,0,0
1285,1,0,1,2
1286,1,0,0,1
1287,1,0,0,1
1288,1,0,0,1
1289,0,0,0,0
1290,1,0,0,1
1291,1,0,0,1
1292,0,0,0,0
1293,0,0,0,0
1294,1,0,0,1
1295,1,0,0,1
1296,1,0,0,1
1297,0,0,0,0
1298,0,0,0,0
1299,1,0,0,1
1300,1,0,0,1
1301,1,0,1,2
1302,1,0,0,1
1303,1,0,0,1
1304,0,0,0,0
1305,1,0,0,1
1306,1,0,0,1
1307,1,0,0,1
1308,1,0,0,1
1309,1,0,0,1
1310,1,0,0,1
1311,1,0,0,1
1312,0,0,0,0
1313,1,0,0,1
1314,1,0,0,1
1315,0,0,0,0
1316,1,0,0,1
1317,0,0,0,0
1318,1,0,0,1
1319,1,0,0,1
1320,1,0,0,1
1321,0,0,0,0
1322,0,0,0,0
1323,1,0,0,1
1324,0,0,0,0
1325,0,0,0,0
1326,1,0,1,2
1327,0,0,1,1
1328,1,0,0,1
1329,0,0,0,0
1330,1,0,0,1
1331,1,1,0,2
1332,1,0,0,1
1333,0,0,0,0
1334,0,0,0,0
1335,1,0,1,2
1336,0,0,0,0
1337,1,0,0,1
1338,1,0,0,1
1339,1,0,0,1
1340,1,0,0,1
1341,0,0,0,0
1342,1,0,0,1
1343,1,0,0,1
1344,0,0,0,0
1345,1,0,0,1
1346,0,0,0,0
1347,1,0,0,1
1348,1,0,0,1
1349,0,0,0,0
1350,0,0,0,0
1351,1,0,0,1
1352,0,0,0,0
1353,1,0,0,1
1354,1,0,0,1
1355,1,0,0,1
1356,0,0,0,0
1357,0,0,0,0
1358,1,0,0,1
1359,1,0,0,1
1360,0,0,1,1
1361,1,0,0,1
1362,1,0,0,1
1363,1,0,0,1
1364,1,0,0,1
1365,0,0,0,0
1366,1,0,0,1
1367,1,0,0,1
1368,1,0,0,1
1369,0,0,0,0
1370,1,0,0,1
1371,1,0,0,1
1372,1,0,0,1
1373,1,0,0,1
1374,1,0,1,2
1375,1,0,1,2
1376,1,0,0,1
1377,0,1,0,1
1378,1,0,0,1
1379,1,0,0,1
1380,1,0,0,1
1381,1,1,0,2
1382,1,0,0,1
1383,1,0,0,1
1384,1,0,0,1
1385,0,0,0,0
1386,0,0,0,0
1387,1,1,0,2
1388,0,0,0,0
1389,1,0,0,1
1390,1,0,0,1
1391,1,0,0,1
1392,1,0,0,1
1393,1,0,0,1
1394,0,0,0,0
1395,1,0,0,1
1396,1,0,0,1
1397,1,0,0,1
1398,1,0,0,1
1399,1,0,0,1
1400,1,0,0,1
1401,0,0,0,0
1402,1,0,0,1
1403,1,0,0,1
1404,1,0,0,1
1405,0,0,0,0
1406,1,0,0,1
1407,0,0,0,0
1408,1,0,0,1
1409,0,0,0,0
1410,1,0,0,1
1411,1,0,0,1
1412,1,0,1,2
1413,1,0,0,1
1414,0,0,0,0
1415,1,0,0,1
1416,1,0,0,1
1417,1,0,0,1
1418,1,0,0,1
1419,0,0,0,0
1420,1,0,0,1
1421,1,0,0,1
1422,1,1,0,2
1423,1,0,0,1
1424,1,0,0,1
1425,0,0,0,0
1426,0,0,0,0
1427,1,0,0,1
1428,1,0,0,1
1429,1,0,0,1
1430,1,0,0,1
1431,1,0,0,1
1432,1,0,0,1
1433,1,0,0,1
1434,1,0,0,1
1435,1,0,0,1
1436,1,0,0,1
1437,0,0,1,1
1438,0,0,0,0
1439,1,0,0,1
1440,1,0,0,1
1441,0,0,0,0
1442,0,0,0,0
1443,1,0,0,1
1444,0,0,0,0
1445,0,0,0,0
1446,1,0,0,1
1447,1,0,0,1
1448,0,1,0,1
1449,1,0,0,1
1450,0,0,1,1
1451,0,0,0,0
1452,1,0,0,1
1453,1,0,0,1
1454,0,0,1,1
1455,1,0,0,1
1456,0,0,0,0
1457,0,0,0,0
1458,0,0,0,0
1459,1,0,0,1
1460,1,0,0,1
1461,1,0,0,1
1462,1,0,0,1
1463,1,0,0,1
1464,1,0,1,2
1465,1,0,0,1
1466,1,1,0,2
1467,1,0,0,1
1468,0,0,0,0
1469,1,0,0,1
1470,1,0,0,1
1471,1,0,0,1
1472,0,0,0,0
1473,1,0,0,1
1474,1,0,0,1
1475,1,0,0,1
1476,0,0,0,0
1477,1,0,0,1
1478,0,0,0,0
1479,1,0,0,1
1480,1,0,0,1
1481,1,0,0,1
1482,0,0,1,1
1483,1,0,0,1
1484,1,0,0,1
1485,1,0,0,1
1486,1,0,0,1
1487,0,1,0,1
1488,0,0,0,0
1489,0,0,0,0
1490,1,1,0,2
1491,1,0,0,1
1492,0,0,0,0
1493,1,0,0,1
1494,1,0,1,2
1495,0,0,0,0
1496,1,0,0,1
1497,1,0,0,1
1498,1,0,0,1
1499,1,0,0,1
1500,1,0,0,1
1501,1,0,0,1
1502,1,0,0,1
1503,1,0,0,1
1504,1,0,0,1
1505,0,0,0,0
1506,0,0,0,0
1507,0,0,0,0
1508,0,0,0,0
1509,0,0,0,0
1510,1,0,0,1
1511,0,0,0,0
1512,0,1,0,1
1513,1,0,0,1
1514,1,0,0,1
1515,0,0,0,0
1516,0,0,0,0
1517,0,0,0,0
1518,1,0,0,1
1519,0,0,0,0
1520,0,1,0,1
1521,1,0,0,1
1522,1,0,0,1
1523,1,0,0,1
1524,1,0,1,2
1525,0,0,0,0
1526,1,0,0,1
1527,0,0,0,0
1528,1,0,0,1
1529,0,0,0,0
1530,1,0,0,1
1531,1,0,0,1
1532,1,1,0,2
1533,1,0,0,1
1534,1,0,0,1
1535,0,0,0,0
1536,0,0,0,0
1537,1,0,0,1
1538,0,0,0,0
1539,0,0,0,0
1540,0,0,0,0
1541,1,0,0,1
1542,1,0,0,1
1543,1,0,0,1
1544,0,0,0,0
1545,0,0,0,0
1546,1,0,0,1
1547,1,0,0,1
1548,1,0,0,1
1549,1,0,1,2
1550,1,0,0,1
1551,1,0,0,1
1552,1,0,0,1
1553,1,0,0,1
1554,1,0,0,1
1555,1,0,1,2
1556,0,0,1,1
1557,1,1,0,2
1558,1,0,0,1
1559,0,0,0,0
1560,1,0,0,1
1561,0,0,0,0
1562,0,0,0,0
1563,1,0,0,1
1564,1,0,0,1
1565,1,0,0,1
1566,0,0,1,1
1567,0,0,0,0
1568,0,0,0,0
1569,0,0,0,0
1570,1,0,0,1
1571,1,0,0,1
1572,0,0,0,0
1573,0,0,0,0
1574,1,0,0,1
1575,0,0,0,0
1576,1,0,0,1
1577,0,0,1,1
1578,1,0,0,1
1579,0,0,0,0
1580,1,0,0,1
1581,0,0,0,0
1582,0,0,0,0
1583,1,0,0,1
1584,0,0,0,0
1585,1,0,0,1
1586,1,0,0,1
1587,0,0,0,0
1588,1,0,0,1
1589,1,0,0,1
1590,1,0,1,2
1591,0,0,0,0
1592,1,0,0,1
1593,1,0,0,1
1594,0,0,0,0
1595,0,0,0,0
1596,1,0,1,2
1597,0,0,0,0
1598,1,0,0,1
1599,0,0,0,0
1600,1,0,0,1
1601,1,0,0,1
1602,1,0,0,1
1603,0,0,0,0
1604,1,0,0,1
1605,0,0,0,0
1606,1,0,0,1
1607,0,0,0,0
1608,1,0,0,1
1609,1,0,0,1
1610,1,0,1,2
1611,0,0,0,0
1612,0,0,0,0
1613,1,0,0,1
1614,1,0,1,2
1615,0,0,0,0
1616,1,0,0,1
1617,1,0,0,1
1618,1,0,0,1
1619,1,0,0,1
1620,1,0,0,1
1621,1,0,0,1
1622,1,0,0,1
1623,1,0,0,1
1624,1,0,0,1
1625,1,0,0,1
1626,0,0,0,0
1627,1,0,0,1
1628,1,0,0,1
1629,1,0,0,1
1630,1,0,0,1
1631,1,1,0,2
1632,1,0,0,1
1633,1,0,0,1
1634,0,0,0,0
1635,0,0,0,0
1636,1,0,0,1
1637,0,0,0,0
1638,1,0,0,1
1639,0,0,0,0
1640,1,0,0,1
1641,1,0,0,1
1642,1,0,0,1
1643,1,0,0,1
1644,0,0,0,0
1645,1,0,1,2
1646,0,0,0,0
1647,1,0,0,1
1648,1,0,1,2
1649,1,0,0,1
1650,1,0,0,1
1651,0,0,0,0
1652,1,0,0,1
1653,1,0,1,2
1654,0,0,0,0
1655,0,0,0,0
1656,0,0,0,0
1657,0,1,0,1
1658,1,0,0,1
1659,0,0,0,0
1660,1,0,0,1
1661,1,0,0,1
1662,1,0,0,1
1663,0,1,0,1
1664,0,0,0,0
1665,1,0,0,1
1666,1,1,0,2
1667,1,0,0,1
1668,1,0,0,1
1669,1,0,0,1
1670,1,0,0,1
1671,1,0,0,1
1672,1,0,0,1
1673,1,0,0,1
1674,1,0,0,1
1675,1,0,0,1
1676,0,0,0,0
1677,1,0,0,1
1678,1,0,0,1
1679,0,0,0,0
1680,1,0,0,1
1681,0,0,0,0
1682,0,0,1,1
1683,1,0,1,2
1684,1,0,0,1
1685,1,0,0,1
1686,1,0,0,1
1687,1,0,0,1
1688,1,0,0,1
1689,1,0,0,1
1690,1,0,0,1
1691,0,0,1,1
1692,1,0,0,1
1693,1,0,0,1
1694,0,0,0,0
1695,1,0,0,1
1696,1,0,0,1
1697,1,0,0,1
1698,1,0,0,1
1699,1,0,0,1
1700,0,0,0,0
1701,1,0,0,1
1702,1,0,0,1
1703,0,0,0,0
1704,1,0,1,2
1705,0,0,0,0
1706,1,0,0,1
1707,1,0,0,1
1708,0,0,0,0
1709,1,0,0,1
1710,1,0,0,1
1711,1,0,0,1
1712,1,0,0,1
1713,1,0,0,1
1714,1,0,0,1
1715,1,0,0,1
1716,0,0,0,0
1717,1,0,0,1
1718,1,0,0,1
1719,1,0,0,1
1720,0,1,1,2
1721,1,0,0,1
1722,0,0,0,0
1723,1,0,0,1
1724,0,0,0,0
1725,0,0,0,0
1726,1,0,0,1
1727,0,0,0,0
1728,0,0,0,0
1729,1,0,0,1
1730,1,0,0,1
1731,1,0,0,1
1732,1,0,0,1
1733,1,0,0,1
1734,0,0,0,0
1735,1,0,0,1
1736,1,0,0,1
1737,0,0,0,0
1738,1,1,0,2
1739,1,0,0,1
1740,1,0,1,2
1741,1,0,0,1
1742,0,0,0,0
1743,1,0,0,1
1744,1,0,0,1
1745,1,0,0,1
1746,0,0,0,0
1747,1,0,0,1
1748,1,1,0,2
1749,1,0,0,1
1750,1,0,1,2
1751,1,0,1,2
1752,1,0,0,1
1753,1,0,1,2
1754,0,0,0,0
1755,0,0,0,0
1756,0,0,0,0
1757,1,0,1,2
1758,0,0,0,0
1759,1,0,0,1
1760,1,0,0,1
1761,1,0,1,2
1762,1,0,0,1
1763,1,0,0,1
1764,0,0,0,0
1765,1,0,1,2
1766,1,0,0,1
1767,1,0,0,1
1768,1,0,0,1
1769,1,0,0,1
1770,0,0,0,0
1771,0,0,0,0
1772,0,0,0,0
1773,0,0,0,0
1774,1,0,0,1
1775,0,0,0,0
1776,1,0,1,2
1777,1,0,0,1
1778,0,0,0,0
1779,1,0,0,1
1780,1,0,0,1
1781,1,0,0,1
1782,0,0,0,0
1783,1,0,0,1
1784,1,0,0,1
1785,1,0,0,1
1786,0,0,1,1
1787,0,0,0,0
1788,1,0,0,1
1789,1,0,0,1
1790,1,0,0,1
1791,1,0,0,1
1792,1,0,0,1
1793,1,0,0,1
1794,0,0,1,1
1795,0,0,0,0
1796,1,0,0,1
1797,0,0,0,0
1798,1,0,0,1
1799,1,0,0,1
1800,1,0,0,1
1801,0,0,0,0
1802,0,0,0,0
1803,1,0,1,2
1804,1,0,0,1
1805,1,0,0,1
1806,0,0,0,0
1807,1,0,1,2
1808,1,0,1,2
1809,1,0,0,1
1810,1,0,0,1
1811,1,0,0,1
1812,1,0,0,1
1813,1,0,0,1
1814,1,0,0,1
1815,1,0,0,1
1816,0,1,0,1
1817,1,0,1,2
1818,0,0,0,0
1819,1,0,0,1
1820,1,0,0,1
1821,0,0,0,0
1822,1,0,0,1
1823,1,0,0,1
1824,1,0,0,1
1825,1,0,0,1
1826,0,0,0,0
1827,1,0,0,1
1828,1,0,0,1
1829,1,0,0,1
1830,1,0,0,1
1831,1,0,0,1
1832,0,0,0,0
1833,0,0,0,0
1834,0,0,0,0
1835,1,0,0,1
1836,1,0,0,1
1837,1,0,1,2
1838,1,0,0,1
1839,0,0,0,0
1840,1,0,0,1
1841,1,0,0,1
1842,1,0,0,1
1843,0,0,1,1
1844,1,0,0,1
1845,1,1,0,2
1846,0,0,1,1
1847,0,0,0,0
1848,1,0,0,1
1849,1,0,0,1
1850,1,0,0,1
1851,1,0,0,1
1852,0,0,0,0
1853,0,0,0,0
1854,1,0,0,1
1855,0,0,0,0
1856,1,0,0,1
1857,0,0,0,0
1858,0,0,0,0
1859,1,0,0,1
1860,1,0,0,1
1861,1,0,0,1
1862,1,0,0,1
1863,0,0,0,0
1864,1,0,0,1
1865,0,0,1,1
1866,0,0,0,0
1867,1,0,1,2
1868,1,0,0,1
1869,1,0,0,1
1870,1,0,0,1
1871,0,0,0,0
1872,1,0,0,1
1873,1,0,0,1
1874,1,0,0,1
1875,1,1,0,2
1876,1,0,0,1
1877,1,1,0,2
1878,1,0,0,1
1879,1,0,0,1
1880,1,0,0,1
1881,1,0,0,1
1882,0,0,0,0
1883,1,0,0,1
1884,1,1,0,2
1885,1,0,0,1
1886,1,0,0,1
1887,1,0,0,1
1888,1,0,0,1
1889,0,0,0,0
1890,0,0,0,0
1891,0,0,0,0
1892,1,0,0,1
1893,0,0,0,0
1894,1,0,0,1
1895,1,0,0,1
1896,0,0,0,0
1897,0,0,0,0
1898,1,0,0,1
1899,0,0,0,0
1900,1,0,0,1
1901,1,0,0,1
1902,1,0,0,1
1903,1,0,0,1
1904,1,0,0,1
1905,1,0,0,1
1906,1,0,0,1
1907,1,0,0,1
1908,1,0,0,1
1909,1,0,0,1
1910,0,0,0,0
1911,0,0,0,0
1912,1,0,0,1
1913,1,0,0,1
1914,0,0,0,0
1915,0,0,0,0
1916,1,0,0,1
1917,1,0,0,1
1918,0,1,0,1
1919,1,0,0,1
1920,1,0,0,1
1921,0,0,0,0
1922,1,0,0,1
1923,1,1,0,2
1924,1,0,1,2
1925,1,0,0,1
1926,1,0,0,1
1927,0,0,0,0
1928,0,0,0,0
1929,1,0,0,1
1930,0,0,0,0
1931,1,0,0,1
1932,1,0,0,1
1933,1,0,0,1
1934,1,0,0,1
1935,0,0,0,0
1936,1,0,0,1
1937,0,0,0,0
1938,1,0,0,1
1939,0,0,0,0
1940,0,0,0,0
1941,1,0,0,1
1942,0,0,0,0
1943,1,0,0,1
1944,0,0,0,0
1945,0,0,0,0
1946,1,0,0,1
1947,1,0,0,1
1948,1,0,0,1
1949,1,0,0,1
1950,1,0,0,1
1951,1,0,0,1
1952,1,0,0,1
1953,1,0,0,1
1954,1,0,0,1
1955,0,0,0,0
1956,1,0,0,1
1957,1,0,0,1
1958,0,0,0,0
1959,1,0,0,1
1960,1,0,0,1
1961,1,0,0,1
1962,1,0,0,1
1963,0,0,0,0
1964,1,0,0,1
1965,1,0,0,1
1966,0,0,0,0
1967,0,0,0,0
1968,1,0,0,1
1969,1,0,0,1
1970,1,0,0,1
1971,0,0,0,0
1972,1,0,0,1
1973,1,0,0,1
1974,0,0,0,0
1975,0,0,0,0
1976,0,0,0,0
1977,1,0,0,1
1978,1,0,0,1
1979,0,0,0,0
1980,0,0,0,0
1981,1,0,0,1
1982,1,0,0,1
1983,1,0,0,1
1984,1,0,0,1
1985,0,0,0,0
1986,0,0,0,0
1987,1,0,0,1
1988,0,0,0,0
1989,1,0,0,1
1990,0,1,0,1
1991,0,0,0,0
1992,1,0,0,1
1993,1,0,0,1
1994,0,0,0,0
1995,1,0,0,1
1996,1,0,0,1
1997,0,0,0,0
1998,1,0,0,1
1999,0,0,0,0
2000,1,0,0,1
2001,0,0,1,1
2002,1,0,0,1
2003,1,0,0,1
2004,1,0,0,1
2005,1,0,0,1
2006,0,0,0,0
2007,0,0,0,0
2008,1,0,0,1
2009,1,0,0,1
2010,1,0,0,1
2011,0,1,0,1
2012,0,0,0,0
2013,1,0,1,2
2014,0,0,0,0
2015,0,0,0,0
2016,1,0,0,1
2017,1,0,0,1
2018,1,0,1,2
2019,1,0,0,1
2020,0,0,0,0
2021,0,0,0,0
2022,1,0,0,1
2023,1,0,0,1
2024,0,0,0,0
2025,1,0,0,1
2026,0,0,0,0
2027,1,0,0,1
2028,0,0,0,0
2029,1,0,0,1
2030,1,0,0,1
2031,0,0,0,0
2032,0,0,0,0
2033,1,0,0,1
2034,1,0,1,2
2035,1,0,0,1
2036,1,0,0,1
2037,1,0,0,1
2038,0,0,0,0
2039,1,0,0,1
2040,1,0,0,1
2041,1,0,0,1
2042,1,0,0,1
2043,0,0,1,1
2044,0,0,0,0
2045,1,0,0,1
2046,0,0,0,0
2047,1,1,0,2
2048,1,0,1,2
2049,1,0,0,1
2050,0,0,0,0
2051,1,0,0,1
2052,1,0,0,1
2053,0,0,0,0
2054,1,0,0,1
2055,1,0,0,1
2056,1,0,0,1
2057,0,0,0,0
2058,1,0,0,1
2059,0,0,0,0
2060,1,0,0,1
2061,1,1,0,2
2062,1,0,0,1
2063,0,0,0,0
2064,1,0,0,1
2065,1,0,0,1
2066,0,0,0,0
2067,1,0,0,1
2068,0,0,0,0
2069,0,0,0,0
2070,1,0,0,1
2071,0,0,0,0
2072,0,0,0,0
2073,0,0,0,0
2074,1,0,1,2
2075,1,0,0,1
2076,1,0,0,1
2077,1,0,0,1
2078,0,0,0,0
2079,0,0,1,1
2080,0,0,0,0
2081,1,0,0,1
2082,0,1,0,1
2083,1,0,0,1
2084,0,0,0,0
2085,0,1,0,1
2086,0,0,0,0
2087,0,0,0,0
2088,1,0,0,1
2089,0,0,0,0
2090,1,0,1,2
2091,1,1,1,3
2092,1,0,0,1
2093,0,0,1,1
2094,1,0,0,1
2095,1,0,0,1
2096,1,0,0,1
2097,0,0,0,0
2098,1,0,0,1
2099,1,0,0,1
2100,1,0,0,1
2101,1,1,1,3
2102,0,1,0,1
2103,0,0,0,0
2104,1,0,0,1
2105,1,0,0,1
2106,1,0,0,1
2107,0,0,0,0
2108,0,0,0,0
2109,1,0,0,1
2110,0,0,0,0
2111,0,0,0,0
2112,0,0,0,0
2113,1,0,0,1
2114,0,0,0,0
2115,0,0,0,0
2116,0,0,0,0
2117,1,0,0,1
2118,1,0,0,1
2119,0,0,0,0
2120,1,0,0,1
2121,1,0,0,1
2122,1,0,0,1
2123,1,0,0,1
2124,0,0,1,1
2125,1,0,0,1
2126,1,0,1,2
2127,0,0,0,0
2128,1,0,0,1
2129,0,0,0,0
2130,1,0,0,1
2131,0,0,1,1
2132,1,0,0,1
2133,1,0,0,1
2134,0,0,0,0
2135,1,0,0,1
2136,0,0,0,0
2137,1,0,0,1
2138,1,0,0,1
2139,1,0,0,1
2140,1,0,0,1
2141,1,0,0,1
2142,1,0,0,1
2143,0,0,0,0
2144,0,0,1,1
2145,0,0,0,0
2146,1,0,0,1
2147,1,0,0,1
2148,1,0,0,1
2149,1,0,0,1
2150,1,0,0,1
2151,0,0,0,0
2152,0,0,0,0
2153,1,0,0,1
2154,0,0,0,0
2155,1,1,0,2
2156,0,0,0,0
2157,1,0,0,1
2158,1,0,0,1
2159,0,0,0,0
2160,0,0,0,0
2161,0,0,0,0
2162,1,0,0,1
2163,1,0,0,1
2164,1,0,1,2
2165,1,0,0,1
2166,0,0,1,1
2167,1,0,0,1
2168,1,0,0,1
2169,0,0,0,0
2170,1,0,0,1
2171,1,0,0,1
2172,0,1,1,2
2173,1,0,0,1
2174,0,0,0,0
2175,0,0,0,0
2176,1,0,0,1
2177,0,0,0,0
2178,0,0,0,0
2179,0,0,0,0
2180,1,0,0,1
2181,0,0,0,0
2182,1,0,0,1
2183,0,0,0,0
2184,1,0,0,1
2185,0,0,0,0
2186,1,0,1,2
2187,1,0,0,1
2188,1,0,0,1
2189,0,0,1,1
2190,0,0,0,0
2191,0,0,0,0
2192,1,0,0,1
2193,0,0,0,0
2194,1,0,0,1
2195,1,0,0,1
2196,1,0,0,1
2197,0,0,0,0
2198,0,0,0,0
2199,0,0,0,0
2200,0,0,0,0
2201,1,0,0,1
2202,1,0,0,1
2203,1,0,0,1
2204,0,0,0,0
2205,1,0,0,1
2206,0,0,0,0
2207,1,0,0,1
2208,1,0,0,1
2209,0,0,0,0
2210,0,0,0,0
2211,1,0,0,1
2212,1,0,0,1
2213,1,0,0,1
2214,1,0,0,1
2215,0,0,0,0
2216,0,0,0,0
2217,1,0,0,1
2218,1,0,0,1
2219,0,0,0,0
2220,0,0,0,0
2221,1,0,0,1
2222,1,1,0,2
2223,1,0,1,2
2224,0,0,0,0
2225,1,0,0,1
2226,0,0,0,0
2227,0,0,0,0
2228,0,0,0,0
2229,0,0,0,0
2230,0,0,0,0
2231,0,0,0,0
2232,1,0,0,1
2233,0,0,0,0
2234,0,0,0,0
2235,1,0,0,1
2236,0,1,0,1
2237,1,0,0,1
2238,1,0,0,1
2239,0,0,1,1
2240,0,0,0,0
2241,1,0,0,1
2242,1,0,0,1
2243,1,0,0,1
2244,1,0,1,2
2245,1,0,0,1
2246,0,0,1,1
2247,1,0,0,1
2248,1,0,0,1
2249,1,0,1,2
2250,1,0,0,1
2251,1,0,1,2
2252,1,0,0,1
2253,1,0,0,1
2254,1,0,0,1
2255,0,0,0,0
2256,1,0,0,1
2257,0,0,0,0
2258,0,0,0,0
2259,1,0,0,1
2260,1,0,1,2
2261,1,0,0,1
2262,0,0,0,0
2263,0,0,0,0
2264,1,0,0,1
2265,1,0,0,1
2266,1,0,0,1
2267,0,0,0,0
2268,0,0,0,0
2269,1,0,0,1
2270,1,0,1,2
2271,1,1,0,2
2272,1,0,0,1
2273,1,0,1,2
2274,1,1,0,2
2275,1,0,0,1
2276,1,0,0,1
2277,1,0,0,1
2278,0,0,0,0
2279,0,0,0,0
2280,1,0,0,1
2281,0,0,0,0
2282,1,0,0,1
2283,1,0,0,1
2284,0,0,0,0
2285,1,0,0,1
2286,1,0,0,1
2287,1,0,0,1
2288,1,0,0,1
2289,1,0,0,1
2290,1,0,0,1
2291,0,0,0,0
2292,1,0,0,1
2293,1,0,0,1
2294,1,0,0,1
2295,0,0,0,0
2296,0,0,0,0
2297,0,0,0,0
2298,0,0,0,0
2299,0,0,1,1
2300,1,0,0,1
2301,1,0,0,1
2302,1,0,0,1
2303,1,0,0,1
2304,1,0,0,1
2305,1,0,0,1
2306,1,0,0,1
2307,1,0,0,1
2308,1,0,0,1
2309,1,0,0,1
2310,1,0,0,1
2311,1,0,0,1
2312,0,0,0,0
2313,0,0,0,0
2314,1,0,0,1
2315,0,0,0,0
2316,1,0,1,2
2317,1,0,0,1
2318,1,0,0,1
2319,1,0,0,1
2320,1,1,0,2
2321,1,0,0,1
2322,1,0,0,1
2323,1,0,0,1
2324,1,0,0,1
2325,0,0,0,0
2326,0,0,0,0
2327,0,0,0,0
2328,1,0,0,1
2329,1,0,0,1
2330,1,0,0,1
2331,1,0,0,1
2332,1,0,0,1
2333,0,0,0,0
2334,1,0,0,1
2335,1,0,0,1
2336,1,0,0,1
2337,0,0,0,0
2338,0,0,0,0
2339,0,0,0,0
2340,0,0,0,0
2341,0,0,0,0
2342,0,0,0,0
2343,1,0,0,1
2344,1,0,0,1
2345,1,0,0,1
2346,1,0,0,1
2347,1,0,0,1
2348,1,0,0,1
2349,0,0,0,0
2350,1,0,0,1
2351,0,0,0,0
2352,1,0,0,1
2353,1,0,1,2
2354,1,0,0,1
2355,1,0,0,1
2356,1,0,0,1
2357,1,0,0,1
2358,1,0,0,1
2359,0,0,0,0
2360,1,0,0,1
2361,0,0,0,0
2362,1,0,0,1
2363,1,0,0,1
2364,0,0,0,0
2365,1,0,0,1
2366,1,0,0,1
2367,1,0,1,2
2368,1,0,0,1
2369,1,0,0,1
2370,1,0,0,1
2371,1,0,0,1
2372,1,0,0,1
2373,0,0,0,0
2374,1,0,0,1
2375,1,0,0,1
2376,1,0,0,1
2377,1,0,0,1
2378,0,0,0,0
2379,1,0,0,1
2380,1,0,0,1
2381,1,0,0,1
2382,1,0,0,1
2383,1,1,0,2
2384,1,0,0,1
2385,1,0,0,1
2386,1,0,0,1
2387,0,0,0,0
2388,1,0,0,1
2389,1,0,0,1
2390,1,0,0,1
2391,0,0,0,0
2392,1,0,0,1
2393,1,0,0,1
2394,1,0,0,1
2395,1,0,0,1
2396,1,0,0,1
2397,1,0,0,1
2398,1,0,0,1
2399,1,0,0,1
2400,1,0,0,1
2401,1,0,0,1
2402,0,0,0,0
2403,0,0,0,0
2404,1,0,0,1
2405,1,0,0,1
2406,1,1,0,2
2407,1,0,0,1
2408,0,0,1,1
2409,1,0,0,1
2410,0,0,0,0
2411,0,0,0,0
2412,1,0,1,2
2413,0,0,1,1
2414,1,0,0,1
2415,0,0,0,0
2416,1,0,0,1
2417,0,0,0,0
2418,0,0,0,0
2419,1,0,0,1
2420,1,0,0,1
2421,1,0,0,1
2422,0,0,0,0
2423,1,0,0,1
2424,1,0,0,1
2425,0,0,1,1
2426,1,0,0,1
2427,1,0,1,2
2428,1,0,0,1
2429,1,0,1,2
2430,1,0,0,1
2431,1,0,0,1
2432,0,0,0,0
2433,1,0,0,1
2434,1,0,0,1
2435,1,0,0,1
2436,1,0,0,1
2437,1,0,0,1
2438,0,0,0,0
2439,1,0,0,1
2440,1,0,0,1
2441,1,0,0,1
2442,0,0,0,0
2443,1,0,0,1
2444,1,0,0,1
2445,1,0,0,1
2446,1,0,0,1
2447,0,0,0,0
2448,1,0,0,1
2449,0,0,0,0
2450,0,0,0,0
2451,1,0,0,1
2452,0,0,0,0
2453,0,0,0,0
2454,0,0,0,0
2455,1,0,0,1
2456,1,0,0,1
2457,0,0,0,0
2458,1,0,0,1
2459,1,1,0,2
2460,1,0,0,1
2461,0,0,0,0
2462,0,0,0,0
2463,1,0,0,1
2464,0,0,0,0
2465,1,0,0,1
2466,1,0,1,2
2467,1,0,0,1
2468,1,0,0,1
2469,0,0,0,0
2470,1,0,0,1
2471,1,0,0,1
2472,1,0,0,1
2473,0,0,0,0
2474,0,1,0,1
2475,1,0,1,2
2476,0,0,0,0
2477,0,0,0,0
2478,0,0,1,1
2479,1,0,0,1
2480,1,0,0,1
2481,1,0,0,1
2482,1,0,0,1
2483,0,0,0,0
2484,1,0,0,1
2485,1,0,0,1
2486,1,0,0,1
2487,1,0,0,1
2488,1,0,0,1
2489,0,0,0,0
2490,1,0,0,1
2491,1,1,0,2
2492,1,0,0,1
2493,0,0,0,0
2494,0,0,0,0
2495,1,1,0,2
2496,1,0,0,1
2497,1,0,0,1
2498,1,0,0,1
2499,1,0,0,1
2500,1,0,0,1
2501,1,1,0,2
2502,0,0,0,0
2503,0,0,0,0
2504,0,0,0,0
2505,1,0,0,1
2506,1,0,0,1
2507,1,0,0,1
2508,1,0,0,1
2509,1,0,0,1
2510,0,0,0,0
2511,1,0,0,1
2512,0,0,0,0
2513,0,0,0,0
2514,1,0,0,1
2515,1,0,0,1
2516,0,0,0,0
2517,0,0,1,1
2518,0,0,1,1
2519,1,0,0,1
2520,1,0,0,1
2521,1,0,0,1
2522,0,0,0,0
2523,1,0,0,1
2524,1,0,0,1
2525,0,1,0,1
2526,1,0,0,1
2527,0,0,0,0
2528,1,0,0,1
2529,1,1,0,2
2530,1,0,0,1
2531,1,0,0,1
2532,1,0,0,1
2533,1,0,0,1
2534,0,0,0,0
2535,1,0,0,1
2536,1,0,0,1
2537,1,0,0,1
2538,0,0,0,0
2539,0,0,0,0
2540,0,0,0,0
2541,1,0,0,1
2542,1,0,0,1
2543,1,0,0,1
2544,1,0,0,1
2545,0,0,0,0
2546,1,0,0,1
2547,0,0,0,0
2548,1,0,0,1
2549,1,0,0,1
2550,1,0,0,1
2551,1,0,0,1
2552,1,0,0,1
2553,1,0,0,1
2554,0,0,1,1
2555,1,0,0,1
2556,0,0,0,0
2557,1,0,0,1
2558,1,0,0,1
2559,1,0,0,1
2560,1,0,0,1
2561,0,0,0,0
2562,0,0,0,0
2563,0,0,0,0
2564,1,0,0,1
2565,1,0,0,1
2566,1,0,0,1
2567,0,0,0,0
2568,1,0,0,1
2569,1,0,0,1
2570,1,0,0,1
2571,1,0,0,1
2572,1,0,0,1
2573,0,0,0,0
2574,1,0,1,2
2575,1,0,0,1
2576,0,1,0,1
2577,1,0,0,1
2578,1,0,0,1
2579,1,0,1,2
2580,0,0,0,0
2581,1,0,0,1
2582,1,0,0,1
2583,0,0,0,0
2584,1,0,0,1
2585,1,0,0,1
2586,0,0,0,0
2587,1,0,0,1
2588,1,0,0,1
2589,1,0,0,1
2590,0,0,0,0
2591,0,0,0,0
2592,1,0,0,1
2593,0,0,0,0
2594,0,0,0,0
2595,1,0,0,1
2596,1,0,0,1
2597,1,0,0,1
2598,0,0,0,0
2599,1,0,0,1
2600,1,0,0,1
2601,1,0,0,1
2602,0,0,0,0
2603,1,0,0,1
2604,1,0,0,1
2605,1,0,0,1
2606,0,0,0,0
2607,0,0,0,0
2608,1,0,0,1
2609,1,0,0,1
2610,0,0,0,0
2611,1,0,0,1
2612,0,0,0,0
2613,0,0,0,0
2614,1,0,0,1
2615,1,0,0,1
2616,1,0,0,1
2617,1,0,0,1
2618,1,0,0,1
2619,1,0,0,1
2620,0,0,0,0
2621,1,0,0,1
2622,0,0,0,0
2623,1,0,0,1
2624,1,0,0,1
2625,1,0,0,1
2626,1,0,0,1
2627,1,0,0,1
2628,0,0,0,0
2629,0,0,0,0
2630,1,0,0,1
2631,0,0,0,0
2632,0,0,0,0
2633,0,0,0,0
2634,0,0,0,0
2635,0,0,0,0
2636,0,0,0,0
2637,1,0,0,1
2638,1,0,0,1
2639,1,0,1,2
2640,1,0,0,1
2641,1,0,0,1
2642,1,0,0,1
2643,1,0,0,1
2644,1,0,0,1
2645,1,0,0,1
2646,0,0,0,0
2647,0,0,0,0
2648,1,0,0,1
2649,0,0,0,0
2650,0,0,0,0
2651,1,0,1,2
2652,0,0,0,0
2653,1,0,0,1
2654,1,0,0,1
2655,1,0,0,1
2656,1,0,1,2
2657,0,0,0,0
2658,1,0,0,1
2659,1,0,0,1
2660,0,0,0,0
2661,1,0,0,1
2662,1,0,0,1
2663,0,0,0,0
2664,1,0,0,1
2665,0,0,0,0
2666,0,0,1,1
2667,1,0,0,1
2668,1,0,0,1
2669,0,0,0,0
2670,0,0,0,0
2671,0,0,1,1
2672,0,0,0,0
2673,1,0,0,1
2674,0,0,0,0
2675,1,0,0,1
2676,0,0,0,0
2677,1,0,0,1
2678,0,0,0,0
2679,0,0,0,0
2680,0,0,0,0
2681,1,0,0,1
2682,0,0,0,0
2683,1,0,0,1
2684,0,0,0,0
2685,1,0,0,1
2686,1,0,0,1
2687,1,0,0,1
2688,0,0,0,0
2689,1,0,0,1
2690,1,0,0,1
2691,1,0,0,1
2692,1,0,0,1
2693,0,0,0,0
2694,0,0,1,1
2695,0,0,0,0
2696,1,0,0,1
2697,0,0,0,0
2698,1,0,0,1
2699,1,0,0,1
2700,1,0,0,1
2701,1,0,1,2
2702,0,0,0,0
2703,0,0,0,0
2704,0,0,0,0
2705,0,0,0,0
2706,0,0,0,0
2707,0,0,0,0
2708,1,0,0,1
2709,0,0,0,0
2710,1,0,0,1
2711,1,0,1,2
2712,1,0,1,2
2713,0,0,0,0
2714,1,0,0,1
2715,1,0,0,1
2716,0,0,0,0
2717,1,0,0,1
2718,1,0,0,1
2719,1,0,0,1
2720,0,0,0,0
2721,0,0,0,0
2722,0,0,0,0
2723,0,0,0,0
2724,1,0,0,1
2725,1,0,0,1
2726,1,0,0,1
2727,0,0,1,1
2728,0,0,0,0
2729,1,0,0,1
2730,1,0,0,1
2731,1,1,0,2
2732,0,0,0,0
2733,1,0,0,1
2734,1,0,0,1
2735,1,0,0,1
2736,1,0,0,1
2737,1,0,0,1
2738,0,0,0,0
2739,1,0,0,1
2740,1,0,0,1
2741,1,0,0,1
2742,0,0,0,0
2743,1,0,0,1
2744,1,0,0,1
2745,1,0,0,1
2746,0,1,0,1
2747,1,0,0,1
2748,1,0,0,1
2749,1,0,0,1
2750,0,0,1,1
2751,1,0,0,1
2752,0,0,0,0
2753,1,0,0,1
2754,1,0,1,2
2755,1,0,0,1
2756,0,0,0,0
2757,1,0,0,1
2758,1,0,0,1
2759,1,0,1,2
2760,0,0,0,0
2761,1,0,0,1
2762,0,0,0,0
2763,0,0,0,0
2764,1,0,0,1
2765,0,0,0,0
2766,0,0,0,0
2767,1,0,0,1
2768,0,0,0,0
2769,0,0,0,0
2770,0,0,0,0
2771,1,0,0,1
2772,0,0,0,0
2773,0,0,0,0
2774,0,0,0,0
2775,1,0,0,1
2776,1,0,0,1
2777,0,0,0,0
2778,0,0,0,0
2779,0,0,0,0
2780,0,0,0,0
2781,1,0,0,1
2782,0,0,0,0
2783,1,0,0,1
2784,0,0,0,0
2785,0,0,1,1
2786,0,0,0,0
2787,1,0,0,1
2788,1,0,0,1
2789,1,0,0,1
2790,1,1,0,2
2791,1,0,0,1
2792,0,0,0,0
2793,1,0,0,1
2794,0,0,0,0
2795,1,0,0,1
2796,1,0,1,2
2797,0,0,0,0
2798,1,0,0,1
2799,0,0,0,0
2800,0,0,0,0
2801,0,0,0,0
2802,1,0,0,1
2803,1,0,0,1
2804,1,0,0,1
2805,1,0,0,1
2806,1,0,0,1
2807,1,0,0,1
2808,1,0,0,1
2809,1,0,0,1
2810,0,0,0,0
2811,1,0,0,1
2812,0,0,1,1
2813,1,0,0,1
2814,1,0,0,1
2815,1,0,0,1
2816,1,0,0,1
2817,1,0,0,1
2818,1,1,1,3
2819,0,1,0,1
2820,1,0,0,1
2821,1,0,0,1
2822,1,1,1,3
2823,1,0,0,1
2824,1,0,0,1
2825,1,1,0,2
2826,0,0,0,0
2827,1,0,0,1
2828,1,0,0,1
2829,0,0,0,0
2830,0,0,0,0
2831,1,0,0,1
2832,0,0,0,0
2833,1,0,0,1
2834,1,0,0,1
2835,1,0,0,1
2836,1,0,0,1
2837,1,0,0,1
2838,0,1,0,1
2839,0,0,0,0
2840,0,0,0,0
2841,0,0,0,0
2842,1,0,0,1
2843,1,0,0,1
2844,1,0,0,1
2845,1,0,0,1
2846,1,0,0,1
2847,1,0,0,1
2848,1,0,0,1
2849,1,0,0,1
2850,1,0,0,1
2851,1,0,0,1
2852,1,0,0,1
2853,1,0,0,1
2854,1,0,0,1
2855,1,0,0,1
2856,0,0,0,0
2857,1,0,0,1
2858,1,0,0,1
2859,0,0,0,0
2860,1,0,0,1
2861,0,0,0,0
2862,1,0,0,1
2863,0,0,0,0
2864,1,0,0,1
2865,0,0,0,0
2866,1,0,0,1
2867,1,0,0,1
2868,1,0,0,1
2869,0,0,0,0
2870,1,0,0,1
2871,1,0,0,1
2872,1,0,0,1
2873,1,0,0,1
2874,1,0,0,1
2875,1,0,0,1
2876,0,0,0,0
2877,0,0,0,0
2878,1,0,0,1
2879,1,0,0,1
2880,1,0,0,1
2881,1,0,0,1
2882,0,0,0,0
2883,1,0,0,1
2884,1,0,0,1
2885,0,0,0,0
2886,1,0,1,2
2887,1,0,0,1
2888,0,0,0,0
2889,1,0,0,1
2890,1,0,0,1
2891,0,0,0,0
2892,1,0,0,1
2893,1,0,0,1
2894,1,0,0,1
2895,0,0,0,0
2896,1,0,0,1
2897,0,0,0,0
2898,1,0,0,1
2899,1,0,1,2
2900,1,0,0,1
2901,0,0,0,0
2902,1,0,0,1
2903,1,0,0,1
2904,1,0,0,1
2905,1,0,0,1
2906,1,0,1,2
2907,1,0,0,1
2908,1,0,0,1
2909,0,0,0,0
2910,1,0,0,1
2911,0,0,0,0
2912,0,0,0,0
2913,0,0,0,0
2914,1,0,0,1
2915,1,0,0,1
2916,0,0,0,0
2917,0,0,0,0
2918,0,0,0,0
2919,0,0,0,0
2920,1,0,0,1
2921,1,0,0,1
2922,0,0,0,0
2923,1,0,0,1
2924,1,0,0,1
2925,0,0,0,0
2926,1,0,0,1
2927,1,0,0,1
2928,1,0,0,1
2929,1,0,0,1
2930,1,0,1,2
2931,1,0,0,1
2932,1,0,0,1
2933,1,0,0,1
2934,0,0,0,0
2935,1,0,0,1
2936,0,0,0,0
2937,1,0,0,1
2938,1,0,0,1
2939,1,0,0,1
2940,0,0,0,0
2941,1,0,0,1
2942,1,0,0,1
2943,1,0,0,1
2944,1,0,0,1
2945,1,0,0,1
2946,0,0,0,0
2947,1,0,0,1
2948,1,0,1,2
2949,1,0,0,1
2950,1,0,0,1
2951,1,0,0,1
2952,1,0,0,1
2953,1,0,0,1
2954,0,0,0,0
2955,1,0,0,1
2956,0,0,0,0
2957,1,0,0,1
2958,1,0,0,1
2959,0,0,0,0
2960,1,0,0,1
2961,1,0,0,1
2962,1,0,0,1
2963,1,0,0,1
2964,1,0,1,2
2965,0,0,0,0
2966,1,0,0,1
2967,0,0,0,0
2968,1,0,0,1
2969,0,0,0,0
2970,0,0,0,0
2971,1,0,0,1
2972,1,0,0,1
2973,1,0,0,1
2974,0,0,0,0
2975,0,0,0,0
2976,1,0,0,1
2977,1,0,0,1
2978,0,0,0,0
2979,1,0,0,1
2980,0,0,0,0
2981,1,0,0,1
2982,0,0,0,0
2983,1,0,0,1
2984,1,0,0,1
2985,1,1,0,2
2986,0,0,0,0
2987,0,0,0,0
2988,1,0,0,1
2989,1,0,0,1
2990,1,0,1,2
2991,1,0,0,1
2992,1,0,0,1
2993,1,0,0,1
2994,0,0,0,0
2995,1,0,0,1
2996,1,0,0,1
2997,0,0,0,0
2998,1,0,0,1
2999,1,1,0,2
3000,1,0,0,1
3001,1,0,0,1
3002,1,0,0,1
3003,0,0,0,0
3004,0,0,0,0
3005,0,0,0,0
3006,1,0,0,1
3007,0,0,0,0
3008,1,0,0,1
3009,1,0,0,1
3010,1,0,0,1
3011,0,0,1,1
3012,1,0,0,1
3013,1,0,0,1
3014,1,0,1,2
3015,1,0,0,1
3016,0,0,0,0
3017,0,0,1,1
3018,1,0,0,1
3019,0,0,0,0
3020,1,0,0,1
3021,1,0,0,1
3022,1,0,0,1
3023,1,0,0,1
3024,1,0,0,1
3025,1,0,0,1
3026,1,0,0,1
3027,1,0,0,1
3028,0,0,0,0
3029,1,0,0,1
3030,1,0,0,1
3031,1,0,0,1
3032,1,0,0,1
3033,1,0,0,1
3034,1,0,0,1
3035,1,0,0,1
3036,0,0,0,0
3037,1,0,1,2
3038,0,0,1,1
3039,1,0,0,1
3040,1,0,0,1
3041,1,0,0,1
3042,1,0,0,1
3043,1,0,0,1
3044,1,0,0,1
3045,0,0,0,0
3046,1,0,0,1
3047,1,0,0,1
3048,1,0,0,1
3049,1,0,0,1
3050,1,0,0,1
3051,1,0,0,1
3052,1,0,1,2
3053,0,0,0,0
3054,1,0,0,1
3055,1,0,1,2
3056,0,0,0,0
3057,1,0,0,1
3058,1,0,0,1
3059,1,0,0,1
3060,1,0,0,1
3061,1,0,0,1
3062,1,0,0,1
3063,0,0,0,0
3064,1,0,0,1
3065,1,0,0,1
3066,1,0,0,1
3067,1,0,0,1
3068,1,0,1,2
3069,1,0,0,1
3070,0,0,0,0
3071,0,0,1,1
3072,1,0,0,1
3073,1,0,0,1
3074,0,0,0,0
3075,0,0,0,0
3076,1,0,0,1
3077,1,0,0,1
3078,1,0,0,1
3079,0,0,0,0
3080,0,0,0,0
3081,1,0,0,1
3082,1,0,0,1
3083,1,0,0,1
3084,0,0,0,0
3085,1,0,1,2
3086,1,0,0,1
3087,0,0,0,0
3088,0,0,0,0
3089,0,0,0,0
3090,1,0,0,1
3091,1,0,0,1
3092,1,0,0,1
3093,0,0,0,0
3094,1,0,0,1
3095,1,0,0,1
3096,1,0,0,1
3097,1,0,0,1
3098,1,0,0,1
3099,1,0,0,1
3100,1,0,0,1
3101,0,0,0,0
3102,0,0,0,0
3103,1,0,0,1
3104,1,0,0,1
3105,1,0,0,1
3106,1,0,0,1
3107,1,0,0,1
3108,1,0,0,1
3109,1,0,0,1
3110,1,0,0,1
3111,0,0,0,0
3112,0,0,0,0
3113,1,1,0,2
3114,0,0,1,1
3115,1,0,0,1
3116,1,0,0,1
3117,1,0,0,1
3118,0,0,0,0
3119,0,0,0,0
3120,1,0,0,1
3121,1,0,0,1
3122,1,0,0,1
3123,1,0,0,1
3124,1,0,0,1
3125,1,0,0,1
3126,0,0,0,0
3127,1,0,0,1
3128,1,0,0,1
3129,1,0,0,1
3130,0,0,0,0
3131,0,0,0,0
3132,1,0,0,1
3133,0,1,0,1
3134,1,0,0,1
3135,1,0,0,1
3136,0,0,1,1
3137,0,0,0,0
3138,1,0,0,1
3139,1,0,0,1
3140,1,0,1,2
3141,0,0,0,0
3142,1,0,0,1
3143,1,0,1,2
3144,0,0,0,0
3145,0,0,0,0
3146,0,1,0,1
3147,1,1,0,2
3148,1,0,0,1
3149,1,0,0,1
3150,1,0,0,1
3151,1,0,0,1
3152,1,0,0,1
3153,1,0,0,1
3154,1,0,0,1
3155,1,0,0,1
3156,1,0,0,1
3157,1,0,0,1
3158,1,0,0,1
3159,1,0,0,1
3160,1,0,0,1
3161,1,0,0,1
3162,1,0,0,1
3163,0,0,0,0
3164,1,0,0,1
3165,1,1,0,2
3166,1,0,0,1
3167,1,0,0,1
3168,1,0,0,1
3169,0,0,0,0
3170,1,0,0,1
3171,0,0,0,0
3172,0,0,0,0
3173,0,0,0,0
3174,1,0,0,1
3175,1,0,0,1
3176,1,0,0,1
3177,1,0,0,1
3178,0,0,0,0
3179,0,0,0,0
3180,0,0,0,0
3181,0,0,0,0
3182,0,0,0,0
3183,0,0,0,0
3184,0,0,0,0
3185,0,0,0,0
3186,1,0,0,1
3187,1,0,1,2
3188,0,0,0,0
3189,0,0,0,0
3190,1,0,0,1
3191,1,0,0,1
3192,0,0,0,0
3193,0,0,0,0
3194,0,0,0,0
3195,1,0,0,1
3196,0,0,0,0
3197,1,0,0,1
3198,1,0,0,1
3199,1,0,0,1
3200,1,0,1,2
3201,1,0,0,1
3202,1,0,0,1
3203,1,0,0,1
3204,1,0,0,1
3205,1,0,0,1
3206,0,0,0,0
3207,1,0,0,1
3208,1,0,0,1
3209,0,0,0,0
3210,0,0,0,0
3211,1,0,0,1
3212,1,0,0,1
3213,1,0,0,1
3214,1,0,0,1
3215,1,0,0,1
3216,1,0,0,1
3217,0,0,0,0
3218,1,0,0,1
3219,1,0,0,1
3220,1,0,0,1
3221,0,0,0,0
3222,1,0,0,1
3223,1,0,0,1
3224,1,0,0,1
3225,1,0,0,1
3226,1,0,0,1
3227,1,0,0,1
3228,1,0,0,1
3229,1,0,0,1
3230,1,0,0,1
3231,0,0,0,0
3232,0,0,0,0
3233,0,0,0,0
3234,0,0,0,0
3235,0,0,0,0
3236,1,0,0,1
3237,0,0,0,0
3238,1,1,0,2
3239,1,0,0,1
3240,0,0,1,1
3241,0,0,0,0
3242,1,0,0,1
3243,1,0,0,1
3244,1,0,0,1
3245,0,0,0,0
3246,0,0,0,0
3247,1,0,1,2
3248,1,1,0,2
3249,1,0,0,1
3250,1,0,0,1
3251,1,0,0,1
3252,1,0,1,2
3253,0,0,0,0
3254,0,0,0,0
3255,1,0,0,1
3256,1,0,0,1
3257,1,0,0,1
3258,0,0,0,0
3259,1,0,0,1
3260,1,0,0,1
3261,0,0,0,0
3262,1,0,0,1
3263,1,0,0,1
3264,0,0,0,0
3265,1,0,0,1
3266,1,0,0,1
3267,1,0,0,1
3268,1,0,0,1
3269,1,0,0,1
3270,1,0,0,1
3271,1,0,0,1
3272,1,0,0,1
3273,1,0,0,1
3274,1,0,0,1
3275,0,0,0,0
3276,1,0,0,1
3277,1,1,1,3
3278,1,0,0,1
3279,1,0,0,1
3280,0,0,0,0
3281,1,0,0,1
3282,1,0,0,1
3283,1,0,0,1
3284,1,0,0,1
3285,0,0,0,0
3286,0,1,0,1
3287,1,0,0,1
3288,1,0,0,1
3289,1,0,1,2
3290,0,0,0,0
3291,0,0,1,1
3292,0,0,0,0
3293,1,0,0,1
3294,1,0,0,1
3295,1,0,0,1
3296,0,0,0,0
3297,1,0,0,1
3298,1,0,0,1
3299,0,0,0,0
3300,0,0,0,0
3301,1,0,0,1
3302,1,0,0,1
3303,0,0,0,0
3304,0,0,0,0
3305,1,0,0,1
3306,1,0,0,1
3307,1,0,0,1
3308,1,0,0,1
3309,0,0,0,0
3310,0,0,0,0
3311,1,0,0,1
3312,1,0,0,1
3313,1,0,0,1
3314,0,0,0,0
3315,1,0,0,1
3316,1,0,0,1
3317,0,0,0,0
3318,1,0,0,1
3319,0,0,0,0
3320,0,0,0,0
3321,1,0,0,1
3322,1,0,0,1
3323,1,0,0,1
3324,1,1,0,2
3325,1,0,0,1
3326,1,0,0,1
3327,0,0,0,0
3328,1,0,0,1
3329,0,0,0,0
3330,1,0,0,1
3331,0,0,0,0
3332,0,0,0,0
3333,1,0,0,1
3334,1,0,1,2
3335,1,0,0,1
3336,0,0,0,0
3337,1,0,0,1
3338,1,0,0,1
3339,1,0,0,1
3340,1,0,0,1
3341,1,0,0,1
3342,1,0,0,1
3343,0,0,0,0
3344,1,0,0,1
3345,1,0,0,1
3346,1,0,0,1
3347,0,0,0,0
3348,0,0,0,0
3349,1,0,1,2
3350,0,0,0,0
3351,1,0,1,2
3352,1,0,0,1
3353,1,0,0,1
3354,0,0,0,0
3355,1,0,0,1
3356,1,0,0,1
3357,1,0,0,1
3358,1,0,0,1
3359,1,0,0,1
3360,0,0,0,0
3361,1,0,0,1
3362,0,0,0,0
3363,0,0,0,0
3364,1,0,0,1
3365,1,0,0,1
3366,1,0,0,1
3367,1,0,0,1
3368,1,0,0,1
3369,0,0,0,0
3370,1,0,1,2
3371,1,0,0,1
3372,1,0,0,1
3373,0,0,0,0
3374,1,0,0,1
3375,1,0,0,1
3376,0,0,0,0
3377,1,0,1,2
3378,1,0,0,1
3379,0,0,0,0
3380,1,0,0,1
3381,0,0,0,0
3382,1,0,0,1
3383,1,0,0,1
3384,1,0,0,1
3385,1,0,1,2
3386,1,0,0,1
3387,1,0,0,1
3388,0,0,0,0
3389,0,0,0,0
3390,1,0,0,1
3391,1,0,0,1
3392,1,0,0,1
3393,1,0,0,1
3394,1,0,0,1
3395,0,0,0,0
3396,1,0,0,1
3397,1,0,0,1
3398,0,0,0,0
3399,1,0,0,1
3400,1,0,1,2
3401,1,0,0,1
3402,1,1,0,2
3403,1,0,1,2
3404,1,0,0,1
3405,1,0,0,1
3406,1,0,0,1
3407,1,0,0,1
3408,1,0,0,1
3409,0,0,0,0
3410,1,0,0,1
3411,0,0,0,0
3412,0,1,0,1
3413,1,0,0,1
3414,1,0,0,1
3415,1,0,0,1
3416,1,0,0,1
3417,1,0,0,1
3418,1,0,0,1
3419,0,0,0,0
3420,1,0,0,1
3421,1,0,1,2
3422,1,0,0,1
3423,0,0,0,0
3424,0,0,0,0
3425,0,0,0,0
3426,0,0,0,0
3427,0,0,0,0
3428,1,0,0,1
3429,1,0,0,1
3430,1,0,0,1
3431,1,0,0,1
3432,0,0,0,0
3433,1,0,0,1
3434,0,0,0,0
3435,1,0,0,1
3436,1,0,0,1
3437,0,0,0,0
3438,1,0,0,1
3439,0,0,1,1
3440,1,0,0,1
3441,0,1,0,1
3442,1,0,0,1
3443,1,0,0,1
3444,0,0,0,0
3445,1,0,0,1
3446,0,0,0,0
3447,1,0,0,1
3448,1,0,0,1
3449,1,0,0,1
3450,0,1,0,1
3451,0,0,0,0
3452,1,0,0,1
3453,1,0,0,1
3454,0,0,0,0
3455,1,0,0,1
3456,1,0,0,1
3457,0,0,0,0
3458,1,0,0,1
3459,1,0,0,1
3460,0,0,0,0
3461,1,0,0,1
3462,0,0,1,1
3463,0,0,0,0
3464,0,0,0,0
3465,0,0,0,0
3466,0,0,0,0
3467,0,0,0,0
3468,1,0,0,1
3469,0,0,0,0
3470,1,0,1,2
3471,0,0,0,0
3472,1,0,0,1
3473,1,0,0,1
3474,0,0,0,0
3475,1,0,0,1
3476,1,0,0,1
3477,1,0,0,1
3478,1,0,0,1
3479,1,0,0,1
3480,1,0,0,1
3481,1,0,0,1
3482,1,0,0,1
3483,1,0,0,1
3484,0,0,0,0
3485,1,0,0,1
3486,1,0,0,1
3487,1,0,0,1
3488,0,0,0,0
3489,1,0,0,1
3490,1,0,0,1
3491,0,0,0,0
3492,0,0,0,0
3493,1,0,0,1
3494,0,0,0,0
3495,0,0,0,0
3496,0,0,0,0
3497,1,0,0,1
3498,1,0,0,1
3499,1,0,0,1
3500,1,0,0,1
3501,0,0,0,0
3502,0,1,0,1
3503,0,0,0,0
3504,0,0,0,0
3505,0,0,1,1
3506,1,0,0,1
3507,1,0,0,1
3508,0,0,0,0
3509,0,0,0,0
3510,0,0,0,0
3511,0,0,0,0
3512,0,0,0,0
3513,0,0,0,0
3514,0,0,0,0
3515,0,0,0,0
3516,1,0,0,1
3517,0,0,0,0
3518,1,0,0,1
3519,1,0,0,1
3520,1,0,0,1
3521,1,0,0,1
3522,1,0,0,1
3523,0,0,1,1
3524,1,0,0,1
3525,1,0,0,1
3526,1,0,0,1
3527,1,0,0,1
3528,0,0,0,0
3529,1,0,0,1
3530,1,0,0,1
3531,1,0,1,2
3532,1,0,0,1
3533,1,0,1,2
3534,1,0,0,1
3535,0,1,0,1
3536,0,0,0,0
3537,0,0,0,0
3538,0,0,0,0
3539,0,0,0,0
3540,0,0,0,0
3541,1,0,0,1
3542,0,0,0,0
3543,0,0,0,0
3544,1,0,0,1
3545,0,0,0,0
3546,1,0,0,1
3547,1,0,0,1
3548,1,0,0,1
3549,0,0,0,0
3550,1,0,0,1
3551,0,0,0,0
3552,0,0,1,1
3553,1,0,0,1
3554,1,0,0,1
3555,1,0,0,1
3556,1,0,0,1
3557,0,0,0,0
3558,1,0,0,1
3559,0,0,0,0
3560,0,0,0,0
3561,0,0,0,0
3562,1,0,0,1
3563,0,0,0,0
3564,1,0,0,1
3565,0,0,0,0
3566,0,0,0,0
3567,0,0,0,0
3568,1,0,0,1
3569,0,0,0,0
3570,0,0,0,0
3571,0,0,0,0
3572,1,0,1,2
3573,0,0,0,0
3574,0,0,0,0
3575,0,0,0,0
3576,1,0,1,2
3577,1,1,0,2
3578,1,0,0,1
3579,0,0,0,0
3580,1,0,0,1
3581,1,0,0,1
3582,0,0,0,0
3583,1,0,0,1
3584,1,0,0,1
3585,0,1,0,1
3586,1,0,0,1
3587,0,0,0,0
3588,0,0,0,0
3589,1,0,0,1
3590,1,0,0,1
3591,0,0,0,0
3592,0,0,0,0
3593,0,0,0,0
3594,0,0,0,0
3595,1,0,0,1
3596,1,0,0,1
3597,1,0,0,1
3598,1,0,0,1
3599,1,0,0,1
3600,1,0,0,1
3601,0,0,0,0
3602,1,0,0,1
3603,1,0,0,1
3604,1,0,0,1
3605,0,0,0,0
3606,1,0,0,1
3607,1,0,0,1
3608,0,0,0,0
3609,1,0,0,1
3610,0,0,0,0
3611,1,0,0,1
3612,0,0,0,0
3613,1,0,0,1
3614,1,0,0,1
3615,1,0,0,1
3616,1,0,0,1
3617,0,0,1,1
3618,1,0,0,1
3619,1,0,0,1
3620,0,0,1,1
3621,1,0,1,2
3622,1,0,0,1
3623,0,0,0,0
3624,0,1,0,1
3625,0,0,0,0
3626,1,1,0,2
3627,1,0,0,1
3628,0,0,0,0
3629,0,0,0,0
3630,1,0,0,1
3631,1,0,0,1
3632,0,0,0,0
3633,1,0,0,1
3634,1,0,0,1
3635,1,0,0,1
3636,1,0,0,1
3637,1,0,0,1
3638,0,0,0,0
3639,1,0,0,1
3640,1,1,0,2
3641,1,0,0,1
3642,0,0,0,0
3643,1,0,0,1
3644,1,0,0,1
3645,0,0,0,0
3646,1,0,0,1
3647,1,0,0,1
3648,1,0,0,1
3649,1,0,0,1
3650,1,0,0,1
3651,1,0,0,1
3652,1,0,0,1
3653,0,0,0,0
3654,1,0,0,1
3655,1,0,0,1
3656,0,0,0,0
3657,0,0,0,0
3658,1,0,0,1
3659,1,0,1,2
3660,1,0,0,1
3661,1,0,0,1
3662,1,0,0,1
3663,1,0,1,2
3664,0,0,0,0
3665,1,0,0,1
3666,0,0,0,0
3667,1,0,0,1
3668,1,0,0,1
3669,0,0,0,0
3670,1,0,1,2
3671,1,0,0,1
3672,0,0,0,0
3673,1,0,0,1
3674,1,0,0,1
3675,0,0,0,0
3676,1,0,0,1
3677,0,0,1,1
3678,0,0,0,0
3679,0,0,0,0
3680,0,0,0,0
3681,1,0,0,1
3682,0,0,0,0
3683,1,0,1,2
3684,1,0,0,1
3685,1,0,0,1
3686,1,0,0,1
3687,0,0,0,0
3688,0,0,0,0
3689,1,0,0,1
3690,0,0,1,1
3691,1,0,0,1
3692,0,0,0,0
3693,1,0,0,1
3694,1,0,1,2
3695,1,0,0,1
3696,1,0,0,1
3697,1,0,0,1
3698,1,0,0,1
3699,1,0,0,1
3700,0,0,1,1
3701,1,0,0,1
3702,1,0,0,1
3703,1,0,0,1
3704,1,0,0,1
3705,0,0,0,0
3706,1,0,0,1
3707,1,0,0,1
3708,1,0,0,1
3709,1,0,0,1
3710,0,1,0,1
3711,1,0,0,1
3712,0,0,0,0
3713,0,0,0,0
3714,1,0,0,1
3715,0,0,0,0
3716,1,0,0,1
3717,1,0,0,1
3718,1,0,0,1
3719,1,0,0,1
3720,0,0,0,0
3721,1,0,1,2
3722,1,0,0,1
3723,1,0,1,2
3724,1,0,0,1
3725,1,0,0,1
3726,1,0,0,1
3727,0,0,1,1
3728,0,0,0,0
3729,1,0,0,1
3730,1,0,0,1
3731,0,0,0,0
3732,1,0,0,1
3733,1,0,0,1
3734,1,0,1,2
3735,1,0,0,1
3736,1,0,0,1
3737,1,0,0,1
3738,0,0,0,0
3739,0,0,1,1
3740,0,0,0,0
3741,1,0,0,1
3742,1,0,0,1
3743,0,0,0,0
3744,1,0,1,2
3745,1,0,0,1
3746,1,0,0,1
3747,1,0,0,1
3748,1,0,0,1
3749,0,0,0,0
3750,1,0,0,1
3751,0,0,1,1
3752,1,0,0,1
3753,0,0,0,0
3754,1,0,0,1
3755,1,0,0,1
3756,1,0,0,1
3757,0,0,0,0
3758,1,0,0,1
3759,0,1,0,1
3760,0,0,0,0
3761,1,0,0,1
3762,1,1,0,2
3763,1,0,0,1
3764,1,1,0,2
3765,0,0,0,0
3766,0,0,0,0
3767,0,0,0,0
3768,0,0,0,0
3769,1,0,0,1
3770,1,0,0,1
3771,1,0,0,1
3772,0,0,0,0
3773,1,0,0,1
3774,1,0,1,2
3775,0,0,0,0
3776,1,0,0,1
3777,1,0,0,1
3778,1,0,0,1
3779,1,0,0,1
3780,1,0,0,1
3781,1,1,0,2
3782,1,0,1,2
3783,1,0,0,1
3784,1,0,0,1
3785,1,0,0,1
3786,1,1,0,2
3787,1,0,1,2
3788,1,0,0,1
3789,1,0,0,1
3790,1,0,0,1
3791,1,0,0,1
3792,1,0,1,2
3793,0,0,0,0
3794,1,0,0,1
3795,1,0,0,1
3796,0,0,0,0
3797,0,0,0,0
3798,0,0,0,0
3799,1,1,0,2
3800,1,0,0,1
3801,1,0,0,1
3802,1,0,0,1
3803,0,0,0,0
3804,1,0,0,1
3805,1,0,1,2
3806,1,0,0,1
3807,1,0,0,1
3808,1,0,0,1
3809,0,0,0,0
3810,0,0,0,0
3811,1,0,0,1
3812,1,0,1,2
3813,1,0,0,1
3814,1,0,0,1
3815,0,0,0,0
3816,0,0,0,0
3817,0,0,0,0
3818,0,0,0,0
3819,1,0,0,1
3820,0,0,0,0
3821,1,0,0,1
3822,1,0,0,1
3823,0,0,1,1
3824,1,0,0,1
3825,0,0,0,0
3826,0,1,0,1
3827,1,0,0,1
3828,1,0,1,2
3829,0,0,0,0
3830,1,0,0,1
3831,1,0,0,1
3832,0,0,0,0
3833,1,0,0,1
3834,1,0,0,1
3835,0,0,0,0
3836,1,0,0,1
3837,0,0,0,0
3838,1,0,0,1
3839,1,0,0,1
3840,1,0,0,1
3841,0,0,0,0
3842,1,0,0,1
3843,0,1,0,1
3844,1,0,0,1
3845,1,0,1,2
3846,1,0,0,1
3847,1,0,0,1
3848,1,0,0,1
3849,0,0,0,0
3850,1,0,1,2
3851,0,0,0,0
3852,1,0,0,1
3853,1,0,1,2
3854,1,0,0,1
3855,0,0,0,0
3856,1,0,0,1
3857,1,0,0,1
3858,1,0,0,1
3859,1,0,0,1
3860,0,0,0,0
3861,1,0,0,1
3862,1,0,0,1
3863,0,0,0,0
3864,1,0,0,1
3865,1,1,0,2
3866,1,0,0,1
3867,1,0,0,1
3868,1,0,0,1
3869,1,0,0,1
3870,0,0,0,0
3871,0,0,0,0
3872,1,0,0,1
3873,1,0,0,1
3874,1,0,0,1
3875,1,0,0,1
3876,0,0,0,0
3877,1,0,0,1
3878,1,0,0,1
3879,1,0,0,1
3880,0,0,0,0
3881,0,0,0,0
3882,1,0,0,1
3883,1,0,0,1
3884,0,0,0,0
3885,1,0,0,1
3886,1,0,0,1
3887,1,0,0,1
3888,0,0,0,0
3889,0,0,0,0
3890,1,0,0,1
3891,1,0,0,1
3892,0,0,0,0
3893,1,0,0,1
3894,1,0,0,1
3895,1,0,0,1
3896,0,0,0,0
3897,0,0,0,0
3898,0,0,0,0
3899,1,0,0,1
3900,1,0,0,1
3901,1,0,0,1
3902,1,0,1,2
3903,1,0,0,1
3904,0,0,0,0
3905,0,0,0,0
3906,1,0,0,1
3907,1,0,0,1
3908,0,0,0,0
3909,1,0,0,1
3910,1,0,0,1
3911,0,0,0,0
3912,0,0,0,0
3913,1,0,0,1
3914,0,0,0,0
3915,0,0,1,1
3916,1,0,0,1
3917,1,0,0,1
3918,1,0,0,1
3919,1,0,0,1
3920,0,0,0,0
3921,1,0,0,1
3922,0,0,0,0
3923,1,0,0,1
3924,0,0,0,0
3925,0,0,0,0
3926,1,0,0,1
3927,1,0,0,1
3928,1,0,1,2
3929,0,0,0,0
3930,0,0,1,1
3931,1,0,0,1
3932,1,0,0,1
3933,1,0,0,1
3934,1,0,0,1
3935,0,0,0,0
3936,1,0,0,1
3937,0,1,0,1
3938,0,0,0,0
3939,1,0,0,1
3940,1,0,0,1
3941,1,0,0,1
3942,1,0,0,1
3943,1,0,0,1
3944,0,0,0,0
3945,1,0,0,1
3946,1,0,0,1
3947,1,0,0,1
3948,0,0,0,0
3949,1,0,0,1
3950,0,0,0,0
3951,1,0,0,1
3952,1,0,0,1
3953,0,0,0,0
3954,1,0,0,1
3955,1,0,0,1
3956,1,0,0,1
3957,1,0,0,1
3958,1,0,0,1
3959,1,0,1,2
3960,0,0,0,0
3961,1,0,0,1
3962,1,0,0,1
3963,1,0,0,1
3964,0,0,0,0
3965,1,0,0,1
3966,1,0,0,1
3967,0,0,0,0
3968,1,0,0,1
3969,1,0,0,1
3970,1,0,0,1
3971,1,0,0,1
3972,1,0,0,1
3973,0,0,0,0
3974,1,0,1,2
3975,1,0,0,1
3976,1,1,0,2
3977,0,0,0,0
3978,1,0,0,1
3979,1,0,0,1
3980,1,0,0,1
3981,1,0,0,1
3982,1,0,0,1
3983,1,0,1,2
3984,1,0,0,1
3985,1,0,0,1
3986,1,0,0,1
3987,0,0,0,0
3988,0,0,0,0
3989,0,0,0,0
3990,1,0,0,1
3991,0,0,0,0
3992,1,0,0,1
3993,1,0,0,1
3994,1,0,0,1
3995,1,0,0,1
3996,1,0,0,1
3997,1,0,0,1
3998,1,0,0,1
3999,0,0,1,1
4000,1,0,0,1
4001,1,0,0,1
4002,1,0,0,1
4003,0,0,1,1
4004,1,0,0,1
4005,1,0,0,1
4006,0,0,0,0
4007,1,0,0,1
4008,1,0,0,1
4009,0,0,0,0
4010,0,0,0,0
4011,1,0,0,1
4012,0,0,1,1
4013,1,0,0,1
4014,1,0,0,1
4015,1,0,0,1
4016,1,0,0,1
4017,1,0,0,1
4018,0,0,0,0
4019,0,0,0,0
4020,1,0,0,1
4021,0,0,0,0
4022,0,0,0,0
4023,1,0,0,1
4024,1,0,0,1
4025,1,0,0,1
4026,1,0,0,1
4027,1,0,0,1
4028,0,0,0,0
4029,0,0,0,0
4030,1,0,0,1
4031,1,0,0,1
4032,1,0,0,1
4033,1,0,0,1
4034,1,0,0,1
4035,1,0,0,1
4036,1,0,0,1
4037,0,0,0,0
4038,0,0,0,0
4039,0,0,0,0
4040,1,0,0,1
4041,0,0,0,0
4042,0,0,0,0
4043,1,0,0,1
4044,0,0,0,0
4045,0,0,0,0
4046,1,0,0,1
4047,1,0,1,2
4048,1,0,0,1
4049,1,0,0,1
4050,1,0,1,2
4051,1,0,0,1
4052,1,1,0,2
4053,0,0,0,0
4054,1,0,0,1
4055,1,0,0,1
4056,1,0,1,2
4057,0,0,0,0
4058,1,0,1,2
4059,0,0,0,0
4060,0,0,0,0
4061,1,0,0,1
4062,1,0,0,1
4063,0,0,0,0
4064,1,0,0,1
4065,1,0,0,1
4066,0,0,0,0
4067,0,0,1,1
4068,1,0,1,2
4069,1,0,0,1
4070,1,0,0,1
4071,1,0,0,1
4072,0,0,0,0
4073,0,0,0,0
4074,0,0,0,0
4075,1,0,0,1
4076,1,0,1,2
4077,1,0,1,2
4078,1,0,0,1
4079,1,0,0,1
4080,0,0,0,0
4081,0,0,0,0
4082,1,0,0,1
4083,1,0,0,1
4084,1,0,0,1
4085,0,0,0,0
4086,1,0,0,1
4087,1,0,0,1
4088,1,0,0,1
4089,0,0,0,0
4090,0,0,0,0
4091,1,0,0,1
4092,1,0,0,1
4093,1,0,0,1
4094,0,0,0,0
4095,1,0,0,1
4096,1,0,0,1
4097,1,0,0,1
4098,0,0,1,1
4099,1,0,0,1
4100,1,0,0,1
4101,1,0,0,1
4102,1,0,1,2
4103,0,0,1,1
4104,1,0,0,1
4105,1,0,0,1
4106,0,1,0,1
4107,1,0,0,1
4108,1,0,0,1
4109,0,0,0,0
4110,1,0,0,1
4111,0,0,0,0
4112,0,0,0,0
4113,1,0,0,1
4114,1,0,0,1
4115,0,0,0,0
4116,0,0,0,0
4117,1,0,0,1
4118,1,0,0,1
4119,1,0,0,1
4120,0,0,0,0
4121,1,0,0,1
4122,1,0,1,2
4123,1,0,0,1
4124,0,0,0,0
4125,0,0,1,1
4126,1,0,0,1
4127,1,0,0,1
4128,1,0,0,1
4129,1,0,0,1
4130,1,0,0,1
4131,1,0,0,1
4132,1,0,1,2
4133,0,0,0,0
4134,0,0,0,0
4135,0,0,0,0
4136,1,0,0,1
4137,1,0,0,1
4138,1,0,0,1
4139,1,0,0,1
4140,0,0,0,0
4141,1,0,0,1
4142,0,0,1,1
4143,1,1,1,3
4144,1,0,0,1
4145,1,0,0,1
4146,1,0,0,1
4147,1,0,0,1
4148,0,1,0,1
4149,0,0,0,0
4150,1,1,0,2
4151,0,0,0,0
4152,0,0,0,0
4153,1,0,0,1
4154,0,0,0,0
4155,0,0,0,0
4156,1,1,0,2
4157,1,0,0,1
4158,0,0,0,0
4159,1,0,0,1
4160,1,0,0,1
4161,1,0,0,1
4162,0,0,1,1
4163,1,0,0,1
4164,1,0,0,1
4165,0,0,1,1
4166,1,0,0,1
4167,1,0,1,2
4168,1,0,0,1
4169,1,0,0,1
4170,0,0,0,0
4171,0,0,0,0
4172,1,0,1,2
4173,1,0,0,1
4174,0,0,0,0
4175,1,0,1,2
4176,1,1,0,2
4177,1,0,0,1
4178,1,0,0,1
4179,1,0,0,1
4180,0,0,0,0
4181,1,0,1,2
4182,1,0,0,1
4183,1,0,0,1
4184,0,0,1,1
4185,1,0,0,1
4186,0,0,0,0
4187,1,0,0,1
4188,0,0,0,0
4189,1,0,1,2
4190,1,0,0,1
4191,0,0,0,0
4192,0,0,0,0
4193,1,0,0,1
4194,1,0,0,1
4195,1,0,0,1
4196,0,0,0,0
4197,1,0,0,1
4198,1,0,0,1
4199,1,0,0,1
4200,0,0,0,0
4201,0,0,0,0
4202,1,0,1,2
4203,1,0,0,1
4204,1,0,0,1
4205,1,0,0,1
4206,0,0,0,0
4207,0,0,0,0
4208,1,0,0,1
4209,0,0,0,0
4210,1,0,0,1
4211,1,0,0,1
4212,0,0,0,0
4213,0,0,0,0
4214,1,0,0,1
4215,1,0,0,1
4216,1,0,0,1
4217,1,0,1,2
4218,1,0,0,1
4219,1,1,0,2
4220,0,0,0,0
4221,0,0,0,0
4222,0,0,0,0
4223,1,0,0,1
4224,0,0,0,0
4225,0,0,0,0
4226,0,0,0,0
4227,1,0,0,1
4228,1,0,0,1
4229,1,0,0,1
4230,1,0,0,1
4231,1,0,1,2
4232,1,0,0,1
4233,1,0,0,1
4234,1,0,0,1
4235,1,0,0,1
4236,1,0,0,1
4237,0,0,0,0
4238,1,0,0,1
4239,1,0,0,1
4240,1,0,0,1
4241,0,0,0,0
4242,1,0,0,1
4243,1,0,0,1
4244,1,0,0,1
4245,0,0,0,0
4246,1,0,0,1
4247,1,0,0,1
4248,0,0,0,0
4249,1,0,0,1
4250,0,0,0,0
4251,1,0,0,1
4252,1,0,0,1
4253,0,0,0,0
4254,1,0,0,1
4255,1,0,0,1
4256,1,0,0,1
4257,0,0,0,0
4258,1,1,0,2
4259,1,0,0,1
4260,0,0,0,0
4261,0,0,0,0
4262,0,0,0,0
4263,1,0,0,1
4264,1,0,0,1
4265,1,0,0,1
4266,1,0,0,1
4267,1,0,0,1
4268,0,0,0,0
4269,1,0,0,1
4270,1,0,0,1
4271,1,0,0,1
4272,1,0,0,1
4273,1,0,0,1
4274,1,0,0,1
4275,1,0,0,1
4276,0,0,0,0
4277,0,0,0,0
4278,1,0,0,1
4279,1,0,0,1
4280,1,0,0,1
4281,1,0,0,1
4282,1,0,0,1
4283,1,0,0,1
4284,0,0,0,0
4285,0,0,0,0
4286,0,0,0,0
4287,1,0,0,1
4288,1,0,0,1
4289,0,0,0,0
4290,0,0,0,0
4291,1,0,0,1
4292,1,0,0,1
4293,0,0,0,0
4294,1,0,0,1
4295,1,0,0,1
4296,1,0,0,1
4297,1,0,0,1
4298,1,0,0,1
4299,1,0,0,1
4300,1,0,0,1
4301,1,0,0,1
4302,1,0,0,1
4303,0,0,0,0
4304,1,0,0,1
4305,1,0,0,1
4306,1,0,0,1
4307,1,1,0,2
4308,1,0,0,1
4309,0,0,0,0
4310,1,0,0,1
4311,1,0,0,1
4312,1,0,0,1
4313,1,0,0,1
4314,0,0,0,0
4315,1,0,0,1
4316,1,0,0,1
4317,0,0,0,0
4318,1,0,0,1
4319,1,0,0,1
4320,1,0,1,2
4321,1,0,0,1
4322,1,0,0,1
4323,0,0,0,0
4324,1,1,1,3
4325,1,0,0,1
4326,0,0,0,0
4327,1,0,1,2
4328,1,0,0,1
4329,1,0,0,1
4330,1,0,0,1
4331,1,0,0,1
4332,1,0,1,2
4333,1,0,0,1
4334,0,0,0,0
4335,0,0,0,0
4336,0,0,0,0
4337,1,0,0,1
4338,0,0,0,0
4339,0,0,0,0
4340,0,0,0,0
4341,0,0,0,0
4342,1,0,0,1
4343,0,0,0,0
4344,1,0,0,1
4345,0,0,0,0
4346,1,0,0,1
4347,1,0,0,1
4348,1,0,0,1
4349,1,0,0,1
4350,1,0,0,1
4351,1,0,0,1
4352,1,0,0,1
4353,1,0,0,1
4354,1,0,0,1
4355,1,0,1,2
4356,0,0,0,0
4357,1,0,0,1
4358,1,0,0,1
4359,1,0,0,1
4360,1,0,0,1
4361,0,0,0,0
4362,1,0,0,1
4363,1,0,0,1
4364,0,0,0,0
4365,0,0,0,0
4366,1,0,0,1
4367,1,0,0,1
4368,0,0,0,0
4369,1,0,0,1
4370,0,1,0,1
4371,1,0,0,1
4372,1,0,0,1
4373,1,0,0,1
4374,1,0,0,1
4375,1,0,0,1
4376,0,0,0,0
4377,1,0,0,1
4378,1,0,0,1
4379,1,0,0,1
4380,1,0,0,1
4381,0,0,0,0
4382,1,0,0,1
4383,0,0,0,0
4384,0,0,0,0
4385,1,0,0,1
4386,1,0,0,1
4387,1,0,0,1
4388,0,0,0,0
4389,1,0,0,1
4390,0,0,0,0
4391,0,0,0,0
4392,1,0,0,1
4393,0,0,0,0
4394,0,0,0,0
4395,1,0,0,1
4396,0,0,0,0
4397,0,0,0,0
4398,0,1,0,1
4399,1,0,0,1
4400,1,0,0,1
4401,0,0,0,0
4402,1,0,0,1
4403,0,0,0,0
4404,0,0,0,0
4405,0,0,0,0
4406,1,0,0,1
4407,1,0,0,1
4408,1,0,0,1
4409,1,0,0,1
4410,1,0,0,1
4411,0,0,0,0
4412,1,0,0,1
4413,1,0,0,1
4414,1,0,0,1
4415,1,0,0,1
4416,1,0,0,1
4417,1,0,0,1
4418,1,0,0,1
4419,1,0,0,1
4420,1,1,1,3
4421,0,0,0,0
4422,1,0,1,2
4423,1,0,0,1
4424,1,0,0,1
4425,0,0,0,0
4426,1,0,0,1
4427,1,0,0,1
4428,1,0,0,1
4429,1,0,0,1
4430,1,0,0,1
4431,1,0,0,1
4432,0,0,0,0
4433,1,0,0,1
4434,0,0,0,0
4435,1,0,1,2
4436,0,1,0,1
4437,1,0,0,1
4438,1,0,0,1
4439,1,0,1,2
4440,1,0,0,1
4441,1,0,0,1
4442,0,0,0,0
4443,0,0,0,0
4444,0,0,0,0
4445,1,0,0,1
4446,1,0,0,1
4447,1,0,0,1
4448,1,0,0,1
4449,0,0,0,0
4450,1,0,0,1
4451,1,0,0,1
4452,1,0,0,1
4453,0,0,1,1
4454,1,0,0,1
4455,1,0,0,1
4456,1,0,0,1
4457,0,0,0,0
4458,0,0,0,0
4459,1,0,0,1
4460,1,0,0,1
4461,1,0,0,1
4462,1,0,1,2
4463,1,0,0,1
4464,1,0,0,1
4465,1,0,0,1
4466,1,0,0,1
4467,1,0,0,1
4468,1,0,0,1
4469,0,0,0,0
4470,0,0,0,0
4471,1,0,0,1
4472,1,0,0,1
4473,1,0,0,1
4474,1,0,0,1
4475,0,0,1,1
4476,1,0,0,1
4477,1,0,0,1
4478,1,0,0,1
4479,1,0,0,1
4480,1,0,0,1
4481,1,0,1,2
4482,1,0,0,1
4483,1,0,0,1
4484,1,0,0,1
4485,1,0,0,1
4486,1,0,0,1
4487,1,0,1,2
4488,1,0,0,1
4489,1,0,0,1
4490,0,0,0,0
4491,1,0,0,1
4492,1,0,0,1
4493,1,0,0,1
4494,1,0,0,1
4495,1,0,0,1
4496,1,1,0,2
4497,0,0,0,0
4498,1,0,0,1
4499,1,0,0,1
4500,1,0,0,1
4501,1,0,0,1
4502,1,0,0,1
4503,1,0,0,1
4504,1,0,0,1
4505,1,1,0,2
4506,1,0,0,1
4507,0,0,0,0
4508,1,0,0,1
4509,0,0,0,0
4510,1,0,0,1
4511,1,0,0,1
4512,1,0,0,1
4513,1,0,0,1
4514,1,0,0,1
4515,1,0,0,1
4516,1,0,1,2
4517,1,0,1,2
4518,1,0,0,1
4519,1,0,0,1
4520,0,0,0,0
4521,0,0,0,0
4522,1,0,0,1
4523,1,0,0,1
4524,1,0,1,2
4525,0,0,0,0
4526,1,0,0,1
4527,0,0,0,0
4528,1,0,0,1
4529,1,0,0,1
4530,1,0,0,1
4531,1,1,1,3
4532,1,0,0,1
4533,1,0,0,1
4534,1,0,1,2
4535,1,0,0,1
4536,1,0,0,1
4537,1,0,0,1
4538,1,0,1,2
4539,1,0,0,1
4540,1,1,0,2
4541,1,0,0,1
4542,0,0,0,0
4543,1,0,0,1
4544,1,0,0,1
4545,0,0,0,0
4546,0,0,0,0
4547,1,0,0,1
4548,1,0,0,1
4549,1,0,0,1
4550,1,0,0,1
4551,0,0,0,0
4552,0,0,1,1
4553,0,0,0,0
4554,1,0,0,1
4555,0,0,0,0
4556,1,0,0,1
4557,0,0,1,1
4558,1,0,1,2
4559,1,0,0,1
4560,0,0,0,0
4561,1,0,0,1
4562,1,0,0,1
4563,0,0,0,0
4564,1,0,0,1
4565,1,0,0,1
4566,1,0,0,1
4567,0,0,0,0
4568,1,0,0,1
4569,0,0,0,0
4570,1,0,0,1
4571,0,0,1,1
4572,0,0,0,0
4573,1,0,0,1
4574,0,0,0,0
4575,0,1,0,1
4576,0,0,0,0
4577,1,0,0,1
4578,0,0,0,0
4579,0,0,0,0
4580,1,0,0,1
4581,0,0,0,0
4582,1,0,0,1
4583,1,0,0,1
4584,0,0,0,0
4585,1,0,1,2
4586,1,0,0,1
4587,1,0,0,1
4588,0,0,0,0
4589,1,0,0,1
4590,1,0,0,1
4591,1,0,0,1
4592,1,0,0,1
4593,0,0,0,0
4594,1,0,0,1
4595,1,1,0,2
4596,0,0,0,0
4597,0,0,0,0
4598,0,0,0,0
4599,1,0,0,1
4600,0,0,0,0
4601,1,0,0,1
4602,1,0,0,1
4603,1,0,1,2
4604,1,0,1,2
4605,1,0,0,1
4606,0,0,0,0
4607,1,0,0,1
4608,1,0,0,1
4609,1,0,1,2
4610,1,0,0,1
4611,1,0,0,1
4612,0,0,1,1
4613,0,0,0,0
4614,1,0,0,1
4615,1,0,0,1
4616,1,0,0,1
4617,1,0,0,1
4618,1,1,0,2
4619,1,0,0,1
4620,0,0,0,0
4621,0,0,0,0
4622,1,0,0,1
4623,1,0,0,1
4624,1,0,0,1
4625,0,0,0,0
4626,1,0,0,1
4627,1,0,0,1
4628,1,0,0,1
4629,1,0,0,1
4630,1,0,1,2
4631,1,0,0,1
4632,1,0,0,1
4633,1,0,0,1
4634,1,0,0,1
4635,0,0,0,0
4636,1,0,0,1
4637,0,0,0,0
4638,1,0,0,1
4639,0,0,0,0
4640,1,0,0,1
4641,0,0,0,0
4642,1,0,0,1
4643,0,0,0,0
4644,1,0,0,1
4645,1,0,0,1
4646,0,0,0,0
4647,1,0,0,1
4648,1,0,0,1
4649,1,0,0,1
4650,0,0,0,0
4651,1,0,0,1
4652,0,0,0,0
4653,1,0,0,1
4654,1,0,0,1
4655,1,0,0,1
4656,1,0,0,1
4657,0,0,0,0
4658,1,0,0,1
4659,1,0,0,1
4660,1,0,0,1
4661,1,0,0,1
4662,1,0,0,1
4663,1,0,0,1
4664,1,0,0,1
4665,1,0,0,1
4666,0,0,0,0
4667,1,0,0,1
4668,1,0,0,1
4669,1,0,0,1
4670,1,0,0,1
4671,0,0,0,0
4672,1,1,0,2
4673,0,1,0,1
4674,0,0,0,0
4675,0,0,0,0
4676,1,0,1,2
4677,1,0,0,1
4678,1,0,0,1
4679,1,0,0,1
4680,1,0,0,1
4681,1,0,0,1
4682,1,0,0,1
4683,0,0,0,0
4684,0,0,0,0
4685,1,0,0,1
4686,0,0,0,0
4687,1,0,0,1
4688,0,0,0,0
4689,0,0,0,0
4690,1,0,0,1
4691,1,0,0,1
4692,1,0,0,1
4693,0,0,0,0
4694,1,0,1,2
4695,0,0,0,0
4696,1,0,0,1
4697,0,0,0,0
4698,1,0,0,1
4699,1,0,0,1
4700,0,0,0,0
4701,1,0,0,1
4702,1,0,1,2
4703,1,0,0,1
4704,0,0,1,1
4705,1,0,0,1
4706,0,0,0,0
4707,0,0,0,0
4708,0,0,0,0
4709,1,0,0,1
4710,1,0,0,1
4711,1,0,0,1
4712,0,0,0,0
4713,1,0,0,1
4714,1,1,0,2
4715,0,0,0,0
4716,1,1,0,2
4717,0,0,0,0
4718,1,0,0,1
4719,1,0,0,1
4720,1,0,0,1
4721,1,0,0,1
4722,0,0,1,1
4723,1,0,0,1
4724,1,1,0,2
4725,1,0,0,1
4726,0,0,0,0
4727,0,0,1,1
4728,1,0,0,1
4729,1,0,0,1
4730,1,0,0,1
4731,0,0,0,0
4732,0,0,0,0
4733,1,0,0,1
4734,1,0,0,1
4735,0,0,0,0
4736,0,1,0,1
4737,0,0,0,0
4738,0,0,0,0
4739,0,0,0,0
4740,1,1,0,2
4741,0,0,0,0
4742,1,0,0,1
4743,0,0,0,0
4744,1,0,0,1
4745,1,0,0,1
4746,1,0,1,2
4747,1,0,0,1
4748,1,0,0,1
4749,1,0,0,1
4750,1,0,0,1
4751,1,0,1,2
4752,1,0,0,1
4753,0,0,0,0
4754,0,0,0,0
4755,0,0,0,0
4756,1,0,1,2
4757,1,0,0,1
4758,1,0,0,1
4759,1,0,0,1
4760,1,0,0,1
4761,1,0,0,1
4762,0,0,0,0
4763,1,0,0,1
4764,1,0,0,1
4765,1,0,0,1
4766,1,0,0,1
4767,0,0,0,0
4768,1,0,0,1
4769,0,0,0,0
4770,1,0,0,1
4771,0,0,0,0
4772,0,0,0,0
4773,1,0,0,1
4774,1,0,0,1
4775,1,0,0,1
4776,0,0,0,0
4777,1,0,0,1
4778,1,0,0,1
4779,0,0,0,0
4780,1,0,1,2
4781,1,0,0,1
4782,1,0,1,2
4783,1,1,0,2
4784,1,0,0,1
4785,0,0,0,0
4786,1,0,0,1
4787,1,0,0,1
4788,1,0,0,1
4789,1,0,0,1
4790,1,0,0,1
4791,1,0,0,1
4792,1,0,0,1
4793,1,0,0,1
4794,1,1,0,2
4795,1,0,0,1
4796,1,0,0,1
4797,0,0,0,0
4798,1,0,0,1
4799,1,0,0,1
4800,1,0,0,1
4801,1,0,1,2
4802,1,0,0,1
4803,0,0,0,0
4804,0,0,0,0
4805,1,0,0,1
4806,0,0,0,0
4807,1,0,0,1
4808,0,0,0,0
4809,1,0,0,1
4810,1,0,0,1
4811,0,0,0,0
4812,0,0,0,0
4813,0,0,0,0
4814,1,0,0,1
4815,1,0,0,1
4816,1,0,0,1
4817,0,0,0,0
4818,1,0,0,1
4819,1,0,0,1
4820,1,0,0,1
4821,0,0,0,0
4822,1,0,0,1
4823,1,0,0,1
4824,0,0,0,0
4825,0,0,0,0
4826,1,0,0,1
4827,1,0,0,1
4828,0,0,0,0
4829,1,0,0,1
4830,1,0,0,1
4831,1,0,0,1
4832,0,0,0,0
4833,0,0,0,0
4834,1,1,0,2
4835,1,0,0,1
4836,1,0,0,1
4837,0,0,0,0
4838,0,0,0,0
4839,1,0,0,1
4840,0,0,0,0
4841,1,0,1,2
4842,0,0,0,0
4843,1,0,0,1
4844,0,0,0,0
4845,1,0,0,1
4846,1,0,0,1
4847,1,0,0,1
4848,0,0,0,0
4849,1,0,0,1
4850,0,0,0,0
4851,1,0,0,1
4852,1,1,0,2
4853,1,0,1,2
4854,0,1,0,1
4855,1,0,0,1
4856,1,0,0,1
4857,0,0,0,0
4858,1,0,0,1
4859,0,0,0,0
4860,1,0,0,1
4861,1,0,1,2
4862,1,0,0,1
4863,1,0,0,1
4864,1,0,0,1
4865,1,0,0,1
4866,1,0,0,1
4867,1,0,1,2
4868,1,0,0,1
4869,1,0,1,2
4870,1,0,0,1
4871,0,0,0,0
4872,0,0,0,0
4873,0,0,0,0
4874,1,0,0,1
4875,1,0,0,1
4876,1,0,0,1
4877,0,0,0,0
4878,1,0,0,1
4879,0,0,0,0
4880,0,0,0,0
4881,0,0,0,0
4882,0,1,0,1
4883,0,0,0,0
4884,0,0,0,0
4885,1,0,0,1
4886,1,0,0,1
4887,1,0,0,1
4888,1,1,0,2
4889,1,0,0,1
4890,1,0,0,1
4891,1,0,0,1
4892,1,0,0,1
4893,0,0,0,0
4894,1,0,0,1
4895,0,0,1,1
4896,0,0,0,0
4897,1,0,0,1
4898,1,0,0,1
4899,1,0,0,1
4900,1,0,0,1
4901,0,0,0,0
4902,0,0,0,0
4903,1,0,0,1
4904,0,0,0,0
4905,0,0,1,1
4906,0,0,0,0
4907,0,0,0,0
4908,1,0,0,1
4909,1,0,0,1
4910,1,0,0,1
4911,1,0,0,1
4912,1,0,0,1
4913,1,0,0,1
4914,0,0,0,0
4915,0,0,0,0
4916,0,0,0,0
4917,0,0,1,1
4918,0,0,0,0
4919,1,0,0,1
4920,1,0,1,2
4921,0,0,0,0
4922,1,0,0,1
4923,1,0,0,1
4924,1,0,0,1
4925,1,0,0,1
4926,1,0,0,1
4927,0,0,0,0
4928,1,0,0,1
4929,1,0,0,1
4930,1,0,0,1
4931,0,0,0,0
4932,1,0,0,1
4933,0,0,0,0
4934,1,0,0,1
4935,1,0,0,1
4936,1,0,0,1
4937,1,0,0,1
4938,1,0,0,1
4939,1,0,0,1
4940,1,0,0,1
4941,0,1,0,1
4942,1,0,0,1
4943,1,0,0,1
4944,1,0,0,1
4945,0,0,0,0
4946,1,0,0,1
4947,0,0,0,0
4948,1,0,0,1
4949,1,0,0,1
4950,1,0,0,1
4951,0,0,0,0
4952,0,0,0,0
4953,1,0,0,1
4954,0,0,0,0
4955,1,0,0,1
4956,1,0,0,1
4957,0,0,0,0
4958,1,0,0,1
4959,1,0,0,1
4960,1,0,0,1
4961,1,0,1,2
4962,0,0,1,1
4963,1,0,0,1
4964,1,0,0,1
4965,1,0,0,1
4966,1,0,0,1
4967,1,0,0,1
4968,0,0,0,0
4969,1,0,0,1
4970,1,0,0,1
4971,1,0,0,1
4972,0,0,0,0
4973,0,0,0,0
4974,1,0,1,2
4975,1,0,1,2
4976,1,0,0,1
4977,0,0,0,0
4978,1,0,0,1
4979,1,0,0,1
4980,1,0,0,1
4981,0,0,0,0
4982,1,0,0,1
4983,1,0,0,1
4984,0,0,0,0
4985,0,0,0,0
4986,1,0,0,1
4987,0,0,0,0
4988,0,0,0,0
4989,1,0,0,1
4990,0,0,0,0
4991,1,0,0,1
4992,1,0,0,1
4993,0,0,0,0
4994,1,1,0,2
4995,0,0,0,0
4996,1,0,0,1
4997,1,0,0,1
4998,1,0,0,1
4999,0,0,0,0
5000,0,0,0,0
